{
	"parent": "nova:block/base",
	"textures": {
		"0": "machines:block/star_collector_glass",
		"2": "machines:block/star_collector_plate_top",
		"3": "machines:block/star_collector_plate_bottom",
		"4": "machines:block/star_collector_side",
		"5": "machines:block/star_collector_inside"
	},
	"elements": [
		{
			"from": [5, 8, 5],
			"to": [11, 14, 11],
			"faces": {
				"north": {"uv": [0, 0, 16, 16], "texture": "#0"},
				"east": {"uv": [0, 0, 16, 16], "texture": "#0"},
				"south": {"uv": [0, 0, 16, 16], "texture": "#0"},
				"west": {"uv": [0, 0, 16, 16], "texture": "#0"},
				"up": {"uv": [0, 0, 16, 16], "texture": "#0"}
			}
		},
		{
			"from": [1, 1, 1],
			"to": [15, 6, 15],
			"faces": {
				"north": {"uv": [2, 10, 16, 16], "texture": "#5"},
				"east": {"uv": [2, 10, 16, 16], "texture": "#5"},
				"south": {"uv": [2, 10, 16, 16], "texture": "#5"},
				"west": {"uv": [2, 10, 16, 16], "texture": "#5"},
				"up": {"uv": [0, 0, 15, 15], "texture": "#5"}
			}
		},
		{
			"from": [1, 6, 0],
			"to": [15, 7, 1],
			"rotation": {"angle": 0, "axis": "y", "origin": [8, 8, 8]},
			"faces": {
				"north": {"uv": [1, 9, 15, 10], "texture": "#4"},
				"south": {"uv": [1, 9, 15, 10], "texture": "#4"},
				"up": {"uv": [1, 15, 15, 16], "texture": "#4"},
				"down": {"uv": [1, 9, 15, 10], "texture": "#4"}
			}
		},
		{
			"from": [1, 3, 0],
			"to": [15, 4, 1],
			"rotation": {"angle": 0, "axis": "y", "origin": [8, 8, 8]},
			"faces": {
				"north": {"uv": [1, 12, 15, 13], "texture": "#4"},
				"up": {"uv": [1, 12, 15, 13], "texture": "#4"},
				"down": {"uv": [1, 12, 15, 13], "texture": "#4"}
			}
		},
		{
			"from": [0, 6, 1],
			"to": [1, 7, 15],
			"rotation": {"angle": 0, "axis": "y", "origin": [8, 8, 8]},
			"faces": {
				"east": {"uv": [1, 9, 15, 10], "rotation": 270, "texture": "#4"},
				"west": {"uv": [1, 9, 15, 10], "texture": "#4"},
				"up": {"uv": [15, 1, 16, 15], "texture": "#4"},
				"down": {"uv": [1, 9, 15, 10], "rotation": 90, "texture": "#4"}
			}
		},
		{
			"from": [0, 3, 1],
			"to": [1, 4, 15],
			"rotation": {"angle": 0, "axis": "y", "origin": [8, 8, 8]},
			"faces": {
				"west": {"uv": [1, 12, 15, 13], "texture": "#4"},
				"up": {"uv": [1, 12, 15, 13], "rotation": 270, "texture": "#4"},
				"down": {"uv": [1, 12, 15, 13], "rotation": 90, "texture": "#4"}
			}
		},
		{
			"from": [1, 6, 15],
			"to": [15, 7, 16],
			"rotation": {"angle": 0, "axis": "y", "origin": [8, 8, 8]},
			"faces": {
				"north": {"uv": [1, 9, 15, 10], "rotation": 180, "texture": "#4"},
				"south": {"uv": [1, 9, 15, 10], "texture": "#4"},
				"up": {"uv": [1, 9, 15, 10], "rotation": 180, "texture": "#4"},
				"down": {"uv": [1, 9, 15, 10], "rotation": 180, "texture": "#4"}
			}
		},
		{
			"from": [1, 3, 15],
			"to": [15, 4, 16],
			"rotation": {"angle": 0, "axis": "y", "origin": [8, 8, 8]},
			"faces": {
				"south": {"uv": [1, 12, 15, 13], "texture": "#4"},
				"up": {"uv": [1, 12, 15, 13], "rotation": 180, "texture": "#4"},
				"down": {"uv": [1, 12, 15, 13], "rotation": 180, "texture": "#4"}
			}
		},
		{
			"from": [15, 6, 1],
			"to": [16, 7, 15],
			"rotation": {"angle": 0, "axis": "y", "origin": [8, 8, 8]},
			"faces": {
				"east": {"uv": [1, 9, 15, 10], "texture": "#4"},
				"west": {"uv": [1, 9, 15, 10], "texture": "#4"},
				"up": {"uv": [0, 1, 1, 15], "texture": "#4"},
				"down": {"uv": [1, 9, 15, 10], "rotation": 270, "texture": "#4"}
			}
		},
		{
			"from": [15, 3, 1],
			"to": [16, 4, 15],
			"rotation": {"angle": 0, "axis": "y", "origin": [8, 8, 8]},
			"faces": {
				"east": {"uv": [1, 12, 15, 13], "texture": "#4"},
				"up": {"uv": [1, 12, 15, 13], "rotation": 90, "texture": "#4"},
				"down": {"uv": [1, 12, 15, 13], "rotation": 270, "texture": "#4"}
			}
		},
		{
			"from": [0, 1, 0],
			"to": [1, 7, 1],
			"rotation": {"angle": 0, "axis": "y", "origin": [8, 8, 8]},
			"faces": {
				"north": {"uv": [15, 9, 16, 15], "texture": "#4"},
				"east": {"uv": [15, 9, 16, 15], "texture": "#4"},
				"south": {"uv": [0, 9, 1, 15], "texture": "#4"},
				"west": {"uv": [0, 9, 1, 15], "texture": "#4"},
				"up": {"uv": [15, 15, 16, 16], "texture": "#4"}
			}
		},
		{
			"from": [0, 1, 15],
			"to": [1, 7, 16],
			"rotation": {"angle": 0, "axis": "y", "origin": [8, 8, 8]},
			"faces": {
				"north": {"uv": [15, 9, 16, 15], "texture": "#4"},
				"east": {"uv": [0, 9, 1, 15], "texture": "#4"},
				"south": {"uv": [0, 9, 1, 15], "texture": "#4"},
				"west": {"uv": [15, 9, 16, 15], "texture": "#4"},
				"up": {"uv": [15, 0, 16, 1], "texture": "#4"}
			}
		},
		{
			"from": [15, 1, 15],
			"to": [16, 7, 16],
			"rotation": {"angle": 0, "axis": "y", "origin": [8, 8, 8]},
			"faces": {
				"north": {"uv": [0, 9, 1, 15], "texture": "#4"},
				"east": {"uv": [0, 9, 1, 15], "texture": "#4"},
				"south": {"uv": [15, 9, 16, 15], "texture": "#4"},
				"west": {"uv": [15, 9, 16, 15], "texture": "#4"},
				"up": {"uv": [0, 0, 1, 1], "texture": "#4"}
			}
		},
		{
			"from": [15, 1, 0],
			"to": [16, 7, 1],
			"rotation": {"angle": 0, "axis": "y", "origin": [8, 8, 8]},
			"faces": {
				"north": {"uv": [0, 9, 1, 15], "texture": "#4"},
				"east": {"uv": [15, 9, 16, 15], "texture": "#4"},
				"south": {"uv": [15, 9, 16, 15], "texture": "#4"},
				"west": {"uv": [0, 9, 1, 15], "texture": "#4"},
				"up": {"uv": [0, 15, 1, 16], "rotation": 90, "texture": "#4"}
			}
		},
		{
			"from": [4, 6, 4],
			"to": [12, 8, 12],
			"faces": {
				"north": {"uv": [4, 4, 12, 6], "texture": "#2"},
				"east": {"uv": [4, 4, 12, 6], "texture": "#2"},
				"south": {"uv": [4, 4, 12, 6], "texture": "#2"},
				"west": {"uv": [4, 4, 12, 6], "texture": "#2"},
				"up": {"uv": [4, 4, 12, 12], "texture": "#2"}
			}
		},
		{
			"from": [0, 0, 0],
			"to": [16, 1, 16],
			"faces": {
				"north": {"uv": [0, 15, 16, 16], "texture": "#4"},
				"east": {"uv": [0, 15, 16, 16], "texture": "#4"},
				"south": {"uv": [0, 15, 16, 16], "texture": "#4"},
				"west": {"uv": [0, 15, 16, 16], "texture": "#4"},
				"up": {"uv": [0, 0, 16, 16], "texture": "#3"},
				"down": {"uv": [0, 0, 16, 16], "texture": "#3"}
			}
		},
		{
			"from": [2, 6, 3],
			"to": [3, 6.5, 13],
			"faces": {
				"east": {"uv": [2, 3, 3, 13], "texture": "#2"},
				"west": {"uv": [2, 3, 3, 13], "texture": "#2"},
				"up": {"uv": [2, 3, 3, 13], "texture": "#2"}
			}
		},
		{
			"from": [2, 6, 2],
			"to": [14, 6.5, 3],
			"faces": {
				"north": {"uv": [2, 13, 14, 14], "texture": "#2"},
				"east": {"uv": [2, 13, 3, 14], "texture": "#2"},
				"south": {"uv": [2, 13, 14, 14], "texture": "#2"},
				"west": {"uv": [13, 13, 14, 14], "texture": "#2"},
				"up": {"uv": [2, 13, 14, 14], "texture": "#2"}
			}
		},
		{
			"from": [2, 6, 13],
			"to": [14, 6.5, 14],
			"faces": {
				"north": {"uv": [2, 2, 14, 3], "texture": "#2"},
				"east": {"uv": [2, 2, 3, 3], "texture": "#2"},
				"south": {"uv": [2, 2, 14, 3], "texture": "#2"},
				"west": {"uv": [2, 2, 3, 3], "texture": "#2"},
				"up": {"uv": [2, 2, 14, 3], "texture": "#2"}
			}
		},
		{
			"from": [13, 6, 3],
			"to": [14, 6.5, 13],
			"faces": {
				"east": {"uv": [2, 3, 3, 13], "texture": "#2"},
				"west": {"uv": [2, 3, 3, 13], "texture": "#2"},
				"up": {"uv": [2, 3, 3, 13], "texture": "#2"}
			}
		}
	]
}