{
	"textures": {
		"0": "machines:block/star_collector_rod_off",
		"1": "machines:block/star_collector_plate_top"
	},
	"elements": [
		{
			"from": [7.5, 0, 7.5],
			"to": [8.5, 5, 8.5],
			"rotation": {"angle": -22.5, "axis": "x", "origin": [8, 0, 8]},
			"faces": {
				"north": {"uv": [0, 0, 3, 15], "texture": "#0"},
				"east": {"uv": [0, 0, 3, 15], "texture": "#0"},
				"south": {"uv": [0, 0, 3, 15], "texture": "#0"},
				"west": {"uv": [0, 0, 3, 15], "texture": "#0"},
				"up": {"uv": [3, 0, 6, 3], "texture": "#0"}
			}
		},
		{
			"from": [6.5, 0, 6.5],
			"to": [9.5, 0.5, 9.5],
			"faces": {
				"north": {"uv": [6, 10, 10, 11], "texture": "#1"},
				"east": {"uv": [5, 6, 6, 10], "rotation": 90, "texture": "#1"},
				"south": {"uv": [6, 5, 10, 6], "texture": "#1"},
				"west": {"uv": [10, 6, 11, 10], "rotation": 90, "texture": "#1"},
				"up": {"uv": [6, 6, 10, 10], "texture": "#1"}
			}
		}
	],
	"display": {
		"head": {
			"translation": [0, 6.25, 0],
			"scale": [1.6, 1.39, 1.6]
		}
	}
}