{"parent":"nova:block/base","textures":{"1":"block/acacia_log","2":"block/acacia_log_top","0":"machines:block/leaves/acacia"},"elements":[{"from":[8.798,9.576,7.202],"to":[10.394,11.172,8.798],"faces":{"north":{"uv":[0.0,0.0,16.0,16.0],"texture":"#0"},"east":{"uv":[0.0,0.0,16.0,16.0],"texture":"#0"},"south":{"uv":[0.0,0.0,16.0,16.0],"texture":"#0"},"up":{"uv":[0.0,0.0,16.0,16.0],"texture":"#0"},"down":{"uv":[0.0,0.0,16.0,16.0],"texture":"#0"}}},{"from":[11.99,9.576,5.606],"to":[13.586,11.172,7.202],"faces":{"north":{"uv":[0.0,0.0,16.0,16.0],"texture":"#0"},"east":{"uv":[0.0,0.0,16.0,16.0],"texture":"#0"},"south":{"uv":[0.0,0.0,16.0,16.0],"texture":"#0"},"west":{"uv":[0.0,0.0,16.0,16.0],"texture":"#0"},"up":{"uv":[0.0,0.0,16.0,16.0],"texture":"#0"},"down":{"uv":[0.0,0.0,16.0,16.0],"texture":"#0"}}},{"from":[5.606,9.576,11.99],"to":[7.202,11.172,13.586],"faces":{"north":{"uv":[0.0,0.0,16.0,16.0],"texture":"#0"},"east":{"uv":[0.0,0.0,16.0,16.0],"texture":"#0"},"south":{"uv":[0.0,0.0,16.0,16.0],"texture":"#0"},"west":{"uv":[0.0,0.0,16.0,16.0],"texture":"#0"},"up":{"uv":[0.0,0.0,16.0,16.0],"texture":"#0"},"down":{"uv":[0.0,0.0,16.0,16.0],"texture":"#0"}}},{"from":[10.394,11.172,7.202],"to":[11.99,12.768,8.798],"faces":{"north":{"uv":[0.0,0.0,16.0,16.0],"texture":"#0"},"east":{"uv":[0.0,0.0,16.0,16.0],"texture":"#0"},"south":{"uv":[0.0,0.0,16.0,16.0],"texture":"#0"},"west":{"uv":[0.0,0.0,16.0,16.0],"texture":"#0"},"up":{"uv":[0.0,0.0,16.0,16.0],"texture":"#0"},"down":{"uv":[0.0,0.0,16.0,16.0],"texture":"#0"}}},{"from":[7.202,9.576,8.798],"to":[8.798,11.172,10.394],"faces":{"east":{"uv":[0.0,0.0,16.0,16.0],"texture":"#0"},"south":{"uv":[0.0,0.0,16.0,16.0],"texture":"#0"},"west":{"uv":[0.0,0.0,16.0,16.0],"texture":"#0"},"up":{"uv":[0.0,0.0,16.0,16.0],"texture":"#0"},"down":{"uv":[0.0,0.0,16.0,16.0],"texture":"#0"}}},{"from":[7.202,11.172,10.394],"to":[8.798,12.768,11.99],"faces":{"north":{"uv":[0.0,0.0,16.0,16.0],"texture":"#0"},"east":{"uv":[0.0,0.0,16.0,16.0],"texture":"#0"},"south":{"uv":[0.0,0.0,16.0,16.0],"texture":"#0"},"west":{"uv":[0.0,0.0,16.0,16.0],"texture":"#0"},"up":{"uv":[0.0,0.0,16.0,16.0],"texture":"#0"},"down":{"uv":[0.0,0.0,16.0,16.0],"texture":"#0"}}},{"from":[7.202,6.384,7.202],"to":[8.798,7.98,8.798],"faces":{"north":{"uv":[0.0,0.0,16.0,16.0],"texture":"#1"},"east":{"uv":[0.0,0.0,16.0,16.0],"texture":"#1"},"south":{"uv":[0.0,0.0,16.0,16.0],"texture":"#1"},"west":{"uv":[0.0,0.0,16.0,16.0],"texture":"#1"}}},{"from":[7.202,9.576,10.394],"to":[8.798,11.172,11.99],"faces":{"north":{"uv":[0.0,0.0,16.0,16.0],"texture":"#0"},"east":{"uv":[0.0,0.0,16.0,16.0],"texture":"#0"},"south":{"uv":[0.0,0.0,16.0,16.0],"texture":"#0"},"west":{"uv":[0.0,0.0,16.0,16.0],"texture":"#0"},"up":{"uv":[0.0,0.0,16.0,16.0],"texture":"#0"},"down":{"uv":[0.0,0.0,16.0,16.0],"texture":"#0"}}},{"from":[8.798,11.172,8.798],"to":[10.394,12.768,10.394],"faces":{"north":{"uv":[0.0,0.0,16.0,16.0],"texture":"#0"},"east":{"uv":[0.0,0.0,16.0,16.0],"texture":"#0"},"south":{"uv":[0.0,0.0,16.0,16.0],"texture":"#0"},"west":{"uv":[0.0,0.0,16.0,16.0],"texture":"#0"},"up":{"uv":[0.0,0.0,16.0,16.0],"texture":"#0"},"down":{"uv":[0.0,0.0,16.0,16.0],"texture":"#0"}}},{"from":[10.394,9.576,7.202],"to":[11.99,11.172,8.798],"faces":{"north":{"uv":[0.0,0.0,16.0,16.0],"texture":"#0"},"east":{"uv":[0.0,0.0,16.0,16.0],"texture":"#0"},"south":{"uv":[0.0,0.0,16.0,16.0],"texture":"#0"},"west":{"uv":[0.0,0.0,16.0,16.0],"texture":"#0"},"up":{"uv":[0.0,0.0,16.0,16.0],"texture":"#0"},"down":{"uv":[0.0,0.0,16.0,16.0],"texture":"#0"}}},{"from":[8.798,9.576,8.798],"to":[10.394,11.172,10.394],"faces":{"north":{"uv":[0.0,0.0,16.0,16.0],"texture":"#0"},"east":{"uv":[0.0,0.0,16.0,16.0],"texture":"#0"},"south":{"uv":[0.0,0.0,16.0,16.0],"texture":"#0"},"west":{"uv":[0.0,0.0,16.0,16.0],"texture":"#0"},"up":{"uv":[0.0,0.0,16.0,16.0],"texture":"#0"},"down":{"uv":[0.0,0.0,16.0,16.0],"texture":"#0"}}},{"from":[11.99,9.576,7.202],"to":[13.586,11.172,8.798],"faces":{"north":{"uv":[0.0,0.0,16.0,16.0],"texture":"#0"},"east":{"uv":[0.0,0.0,16.0,16.0],"texture":"#0"},"south":{"uv":[0.0,0.0,16.0,16.0],"texture":"#0"},"west":{"uv":[0.0,0.0,16.0,16.0],"texture":"#0"},"up":{"uv":[0.0,0.0,16.0,16.0],"texture":"#0"},"down":{"uv":[0.0,0.0,16.0,16.0],"texture":"#0"}}},{"from":[7.202,0.0,5.606],"to":[8.798,1.596,7.202],"faces":{"north":{"uv":[0.0,0.0,16.0,16.0],"texture":"#1"},"east":{"uv":[0.0,0.0,16.0,16.0],"texture":"#1"},"south":{"uv":[0.0,0.0,16.0,16.0],"texture":"#1"},"west":{"uv":[0.0,0.0,16.0,16.0],"texture":"#1"},"down":{"uv":[0.0,0.0,16.0,16.0],"texture":"#2"}}},{"from":[7.202,9.576,11.99],"to":[8.798,11.172,13.586],"faces":{"north":{"uv":[0.0,0.0,16.0,16.0],"texture":"#0"},"east":{"uv":[0.0,0.0,16.0,16.0],"texture":"#0"},"south":{"uv":[0.0,0.0,16.0,16.0],"texture":"#0"},"west":{"uv":[0.0,0.0,16.0,16.0],"texture":"#0"},"up":{"uv":[0.0,0.0,16.0,16.0],"texture":"#0"},"down":{"uv":[0.0,0.0,16.0,16.0],"texture":"#0"}}},{"from":[7.202,3.192,5.606],"to":[8.798,4.788,7.202],"faces":{"north":{"uv":[0.0,0.0,16.0,16.0],"texture":"#1"},"east":{"uv":[0.0,0.0,16.0,16.0],"texture":"#1"},"south":{"uv":[0.0,0.0,16.0,16.0],"texture":"#1"},"west":{"uv":[0.0,0.0,16.0,16.0],"texture":"#1"},"up":{"uv":[0.0,0.0,16.0,16.0],"texture":"#2"}}},{"from":[7.202,4.788,7.202],"to":[8.798,6.384,8.798],"faces":{"north":{"uv":[0.0,0.0,16.0,16.0],"texture":"#1"},"east":{"uv":[0.0,0.0,16.0,16.0],"texture":"#1"},"south":{"uv":[0.0,0.0,16.0,16.0],"texture":"#1"},"west":{"uv":[0.0,0.0,16.0,16.0],"texture":"#1"},"down":{"uv":[0.0,0.0,16.0,16.0],"texture":"#2"}}},{"from":[8.798,9.576,10.394],"to":[10.394,11.172,11.99],"faces":{"north":{"uv":[0.0,0.0,16.0,16.0],"texture":"#0"},"east":{"uv":[0.0,0.0,16.0,16.0],"texture":"#0"},"south":{"uv":[0.0,0.0,16.0,16.0],"texture":"#0"},"west":{"uv":[0.0,0.0,16.0,16.0],"texture":"#0"},"up":{"uv":[0.0,0.0,16.0,16.0],"texture":"#0"},"down":{"uv":[0.0,0.0,16.0,16.0],"texture":"#0"}}},{"from":[10.394,9.576,8.798],"to":[11.99,11.172,10.394],"faces":{"north":{"uv":[0.0,0.0,16.0,16.0],"texture":"#0"},"east":{"uv":[0.0,0.0,16.0,16.0],"texture":"#0"},"south":{"uv":[0.0,0.0,16.0,16.0],"texture":"#0"},"west":{"uv":[0.0,0.0,16.0,16.0],"texture":"#0"},"up":{"uv":[0.0,0.0,16.0,16.0],"texture":"#0"},"down":{"uv":[0.0,0.0,16.0,16.0],"texture":"#0"}}},{"from":[11.99,9.576,8.798],"to":[13.586,11.172,10.394],"faces":{"north":{"uv":[0.0,0.0,16.0,16.0],"texture":"#0"},"east":{"uv":[0.0,0.0,16.0,16.0],"texture":"#0"},"south":{"uv":[0.0,0.0,16.0,16.0],"texture":"#0"},"west":{"uv":[0.0,0.0,16.0,16.0],"texture":"#0"},"up":{"uv":[0.0,0.0,16.0,16.0],"texture":"#0"},"down":{"uv":[0.0,0.0,16.0,16.0],"texture":"#0"}}},{"from":[8.798,9.576,11.99],"to":[10.394,11.172,13.586],"faces":{"north":{"uv":[0.0,0.0,16.0,16.0],"texture":"#0"},"east":{"uv":[0.0,0.0,16.0,16.0],"texture":"#0"},"south":{"uv":[0.0,0.0,16.0,16.0],"texture":"#0"},"west":{"uv":[0.0,0.0,16.0,16.0],"texture":"#0"},"up":{"uv":[0.0,0.0,16.0,16.0],"texture":"#0"},"down":{"uv":[0.0,0.0,16.0,16.0],"texture":"#0"}}},{"from":[10.394,9.576,10.394],"to":[11.99,11.172,11.99],"faces":{"north":{"uv":[0.0,0.0,16.0,16.0],"texture":"#0"},"east":{"uv":[0.0,0.0,16.0,16.0],"texture":"#0"},"south":{"uv":[0.0,0.0,16.0,16.0],"texture":"#0"},"west":{"uv":[0.0,0.0,16.0,16.0],"texture":"#0"},"up":{"uv":[0.0,0.0,16.0,16.0],"texture":"#0"},"down":{"uv":[0.0,0.0,16.0,16.0],"texture":"#0"}}},{"from":[11.99,9.576,10.394],"to":[13.586,11.172,11.99],"faces":{"north":{"uv":[0.0,0.0,16.0,16.0],"texture":"#0"},"east":{"uv":[0.0,0.0,16.0,16.0],"texture":"#0"},"south":{"uv":[0.0,0.0,16.0,16.0],"texture":"#0"},"west":{"uv":[0.0,0.0,16.0,16.0],"texture":"#0"},"up":{"uv":[0.0,0.0,16.0,16.0],"texture":"#0"},"down":{"uv":[0.0,0.0,16.0,16.0],"texture":"#0"}}},{"from":[10.394,9.576,11.99],"to":[11.99,11.172,13.586],"faces":{"north":{"uv":[0.0,0.0,16.0,16.0],"texture":"#0"},"east":{"uv":[0.0,0.0,16.0,16.0],"texture":"#0"},"south":{"uv":[0.0,0.0,16.0,16.0],"texture":"#0"},"west":{"uv":[0.0,0.0,16.0,16.0],"texture":"#0"},"up":{"uv":[0.0,0.0,16.0,16.0],"texture":"#0"},"down":{"uv":[0.0,0.0,16.0,16.0],"texture":"#0"}}},{"from":[7.202,1.596,5.606],"to":[8.798,3.192,7.202],"faces":{"north":{"uv":[0.0,0.0,16.0,16.0],"texture":"#1"},"east":{"uv":[0.0,0.0,16.0,16.0],"texture":"#1"},"south":{"uv":[0.0,0.0,16.0,16.0],"texture":"#1"},"west":{"uv":[0.0,0.0,16.0,16.0],"texture":"#1"}}},{"from":[4.01,9.576,4.01],"to":[5.606,11.172,5.606],"faces":{"north":{"uv":[0.0,0.0,16.0,16.0],"texture":"#0"},"east":{"uv":[0.0,0.0,16.0,16.0],"texture":"#0"},"south":{"uv":[0.0,0.0,16.0,16.0],"texture":"#0"},"west":{"uv":[0.0,0.0,16.0,16.0],"texture":"#0"},"up":{"uv":[0.0,0.0,16.0,16.0],"texture":"#0"},"down":{"uv":[0.0,0.0,16.0,16.0],"texture":"#0"}}},{"from":[5.606,9.576,4.01],"to":[7.202,11.172,5.606],"faces":{"north":{"uv":[0.0,0.0,16.0,16.0],"texture":"#0"},"east":{"uv":[0.0,0.0,16.0,16.0],"texture":"#0"},"south":{"uv":[0.0,0.0,16.0,16.0],"texture":"#0"},"west":{"uv":[0.0,0.0,16.0,16.0],"texture":"#0"},"up":{"uv":[0.0,0.0,16.0,16.0],"texture":"#0"},"down":{"uv":[0.0,0.0,16.0,16.0],"texture":"#0"}}},{"from":[4.01,9.576,5.606],"to":[5.606,11.172,7.202],"faces":{"north":{"uv":[0.0,0.0,16.0,16.0],"texture":"#0"},"east":{"uv":[0.0,0.0,16.0,16.0],"texture":"#0"},"south":{"uv":[0.0,0.0,16.0,16.0],"texture":"#0"},"west":{"uv":[0.0,0.0,16.0,16.0],"texture":"#0"},"up":{"uv":[0.0,0.0,16.0,16.0],"texture":"#0"},"down":{"uv":[0.0,0.0,16.0,16.0],"texture":"#0"}}},{"from":[4.01,9.576,2.414],"to":[5.606,11.172,4.01],"faces":{"north":{"uv":[0.0,0.0,16.0,16.0],"texture":"#0"},"east":{"uv":[0.0,0.0,16.0,16.0],"texture":"#0"},"south":{"uv":[0.0,0.0,16.0,16.0],"texture":"#0"},"west":{"uv":[0.0,0.0,16.0,16.0],"texture":"#0"},"up":{"uv":[0.0,0.0,16.0,16.0],"texture":"#0"},"down":{"uv":[0.0,0.0,16.0,16.0],"texture":"#0"}}},{"from":[2.414,9.576,4.01],"to":[4.01,11.172,5.606],"faces":{"north":{"uv":[0.0,0.0,16.0,16.0],"texture":"#0"},"east":{"uv":[0.0,0.0,16.0,16.0],"texture":"#0"},"south":{"uv":[0.0,0.0,16.0,16.0],"texture":"#0"},"west":{"uv":[0.0,0.0,16.0,16.0],"texture":"#0"},"up":{"uv":[0.0,0.0,16.0,16.0],"texture":"#0"},"down":{"uv":[0.0,0.0,16.0,16.0],"texture":"#0"}}},{"from":[4.01,11.172,7.202],"to":[5.606,12.768,8.798],"faces":{"north":{"uv":[0.0,0.0,16.0,16.0],"texture":"#0"},"east":{"uv":[0.0,0.0,16.0,16.0],"texture":"#0"},"south":{"uv":[0.0,0.0,16.0,16.0],"texture":"#0"},"west":{"uv":[0.0,0.0,16.0,16.0],"texture":"#0"},"up":{"uv":[0.0,0.0,16.0,16.0],"texture":"#0"},"down":{"uv":[0.0,0.0,16.0,16.0],"texture":"#0"}}},{"from":[7.202,11.172,4.01],"to":[8.798,12.768,5.606],"faces":{"north":{"uv":[0.0,0.0,16.0,16.0],"texture":"#0"},"east":{"uv":[0.0,0.0,16.0,16.0],"texture":"#0"},"south":{"uv":[0.0,0.0,16.0,16.0],"texture":"#0"},"west":{"uv":[0.0,0.0,16.0,16.0],"texture":"#0"},"up":{"uv":[0.0,0.0,16.0,16.0],"texture":"#0"},"down":{"uv":[0.0,0.0,16.0,16.0],"texture":"#0"}}},{"from":[4.01,9.576,7.202],"to":[5.606,11.172,8.798],"faces":{"north":{"uv":[0.0,0.0,16.0,16.0],"texture":"#0"},"east":{"uv":[0.0,0.0,16.0,16.0],"texture":"#0"},"south":{"uv":[0.0,0.0,16.0,16.0],"texture":"#0"},"west":{"uv":[0.0,0.0,16.0,16.0],"texture":"#0"},"up":{"uv":[0.0,0.0,16.0,16.0],"texture":"#0"},"down":{"uv":[0.0,0.0,16.0,16.0],"texture":"#0"}}},{"from":[7.202,9.576,4.01],"to":[8.798,11.172,5.606],"faces":{"north":{"uv":[0.0,0.0,16.0,16.0],"texture":"#0"},"east":{"uv":[0.0,0.0,16.0,16.0],"texture":"#0"},"south":{"uv":[0.0,0.0,16.0,16.0],"texture":"#0"},"west":{"uv":[0.0,0.0,16.0,16.0],"texture":"#0"},"up":{"uv":[0.0,0.0,16.0,16.0],"texture":"#0"},"down":{"uv":[0.0,0.0,16.0,16.0],"texture":"#0"}}},{"from":[5.606,11.172,5.606],"to":[7.202,12.768,7.202],"faces":{"north":{"uv":[0.0,0.0,16.0,16.0],"texture":"#0"},"east":{"uv":[0.0,0.0,16.0,16.0],"texture":"#0"},"south":{"uv":[0.0,0.0,16.0,16.0],"texture":"#0"},"west":{"uv":[0.0,0.0,16.0,16.0],"texture":"#0"},"up":{"uv":[0.0,0.0,16.0,16.0],"texture":"#0"},"down":{"uv":[0.0,0.0,16.0,16.0],"texture":"#0"}}},{"from":[8.798,9.576,4.01],"to":[10.394,11.172,5.606],"faces":{"north":{"uv":[0.0,0.0,16.0,16.0],"texture":"#0"},"east":{"uv":[0.0,0.0,16.0,16.0],"texture":"#0"},"south":{"uv":[0.0,0.0,16.0,16.0],"texture":"#0"},"west":{"uv":[0.0,0.0,16.0,16.0],"texture":"#0"},"up":{"uv":[0.0,0.0,16.0,16.0],"texture":"#0"},"down":{"uv":[0.0,0.0,16.0,16.0],"texture":"#0"}}},{"from":[5.606,9.576,2.414],"to":[7.202,11.172,4.01],"faces":{"north":{"uv":[0.0,0.0,16.0,16.0],"texture":"#0"},"east":{"uv":[0.0,0.0,16.0,16.0],"texture":"#0"},"south":{"uv":[0.0,0.0,16.0,16.0],"texture":"#0"},"west":{"uv":[0.0,0.0,16.0,16.0],"texture":"#0"},"up":{"uv":[0.0,0.0,16.0,16.0],"texture":"#0"},"down":{"uv":[0.0,0.0,16.0,16.0],"texture":"#0"}}},{"from":[5.606,9.576,5.606],"to":[7.202,11.172,7.202],"faces":{"north":{"uv":[0.0,0.0,16.0,16.0],"texture":"#0"},"east":{"uv":[0.0,0.0,16.0,16.0],"texture":"#0"},"south":{"uv":[0.0,0.0,16.0,16.0],"texture":"#0"},"west":{"uv":[0.0,0.0,16.0,16.0],"texture":"#0"},"up":{"uv":[0.0,0.0,16.0,16.0],"texture":"#0"},"down":{"uv":[0.0,0.0,16.0,16.0],"texture":"#0"}}},{"from":[4.01,9.576,8.798],"to":[5.606,11.172,10.394],"faces":{"north":{"uv":[0.0,0.0,16.0,16.0],"texture":"#0"},"east":{"uv":[0.0,0.0,16.0,16.0],"texture":"#0"},"south":{"uv":[0.0,0.0,16.0,16.0],"texture":"#0"},"west":{"uv":[0.0,0.0,16.0,16.0],"texture":"#0"},"up":{"uv":[0.0,0.0,16.0,16.0],"texture":"#0"},"down":{"uv":[0.0,0.0,16.0,16.0],"texture":"#0"}}},{"from":[2.414,9.576,5.606],"to":[4.01,11.172,7.202],"faces":{"north":{"uv":[0.0,0.0,16.0,16.0],"texture":"#0"},"east":{"uv":[0.0,0.0,16.0,16.0],"texture":"#0"},"south":{"uv":[0.0,0.0,16.0,16.0],"texture":"#0"},"west":{"uv":[0.0,0.0,16.0,16.0],"texture":"#0"},"up":{"uv":[0.0,0.0,16.0,16.0],"texture":"#0"},"down":{"uv":[0.0,0.0,16.0,16.0],"texture":"#0"}}},{"from":[4.01,9.576,10.394],"to":[5.606,11.172,11.99],"faces":{"north":{"uv":[0.0,0.0,16.0,16.0],"texture":"#0"},"east":{"uv":[0.0,0.0,16.0,16.0],"texture":"#0"},"south":{"uv":[0.0,0.0,16.0,16.0],"texture":"#0"},"west":{"uv":[0.0,0.0,16.0,16.0],"texture":"#0"},"up":{"uv":[0.0,0.0,16.0,16.0],"texture":"#0"},"down":{"uv":[0.0,0.0,16.0,16.0],"texture":"#0"}}},{"from":[5.606,11.172,7.202],"to":[7.202,12.768,8.798],"faces":{"north":{"uv":[0.0,0.0,16.0,16.0],"texture":"#0"},"east":{"uv":[0.0,0.0,16.0,16.0],"texture":"#0"},"south":{"uv":[0.0,0.0,16.0,16.0],"texture":"#0"},"west":{"uv":[0.0,0.0,16.0,16.0],"texture":"#0"},"up":{"uv":[0.0,0.0,16.0,16.0],"texture":"#0"},"down":{"uv":[0.0,0.0,16.0,16.0],"texture":"#0"}}},{"from":[7.202,11.172,5.606],"to":[8.798,12.768,7.202],"faces":{"north":{"uv":[0.0,0.0,16.0,16.0],"texture":"#0"},"east":{"uv":[0.0,0.0,16.0,16.0],"texture":"#0"},"south":{"uv":[0.0,0.0,16.0,16.0],"texture":"#0"},"west":{"uv":[0.0,0.0,16.0,16.0],"texture":"#0"},"up":{"uv":[0.0,0.0,16.0,16.0],"texture":"#0"},"down":{"uv":[0.0,0.0,16.0,16.0],"texture":"#0"}}},{"from":[10.394,9.576,4.01],"to":[11.99,11.172,5.606],"faces":{"north":{"uv":[0.0,0.0,16.0,16.0],"texture":"#0"},"east":{"uv":[0.0,0.0,16.0,16.0],"texture":"#0"},"south":{"uv":[0.0,0.0,16.0,16.0],"texture":"#0"},"west":{"uv":[0.0,0.0,16.0,16.0],"texture":"#0"},"up":{"uv":[0.0,0.0,16.0,16.0],"texture":"#0"},"down":{"uv":[0.0,0.0,16.0,16.0],"texture":"#0"}}},{"from":[5.606,9.576,7.202],"to":[7.202,11.172,8.798],"faces":{"north":{"uv":[0.0,0.0,16.0,16.0],"texture":"#0"},"south":{"uv":[0.0,0.0,16.0,16.0],"texture":"#0"},"west":{"uv":[0.0,0.0,16.0,16.0],"texture":"#0"},"up":{"uv":[0.0,0.0,16.0,16.0],"texture":"#0"},"down":{"uv":[0.0,0.0,16.0,16.0],"texture":"#0"}}},{"from":[11.99,9.576,4.01],"to":[13.586,11.172,5.606],"faces":{"north":{"uv":[0.0,0.0,16.0,16.0],"texture":"#0"},"east":{"uv":[0.0,0.0,16.0,16.0],"texture":"#0"},"south":{"uv":[0.0,0.0,16.0,16.0],"texture":"#0"},"west":{"uv":[0.0,0.0,16.0,16.0],"texture":"#0"},"up":{"uv":[0.0,0.0,16.0,16.0],"texture":"#0"},"down":{"uv":[0.0,0.0,16.0,16.0],"texture":"#0"}}},{"from":[7.202,9.576,2.414],"to":[8.798,11.172,4.01],"faces":{"north":{"uv":[0.0,0.0,16.0,16.0],"texture":"#0"},"east":{"uv":[0.0,0.0,16.0,16.0],"texture":"#0"},"south":{"uv":[0.0,0.0,16.0,16.0],"texture":"#0"},"west":{"uv":[0.0,0.0,16.0,16.0],"texture":"#0"},"up":{"uv":[0.0,0.0,16.0,16.0],"texture":"#0"},"down":{"uv":[0.0,0.0,16.0,16.0],"texture":"#0"}}},{"from":[7.202,9.576,5.606],"to":[8.798,11.172,7.202],"faces":{"north":{"uv":[0.0,0.0,16.0,16.0],"texture":"#0"},"east":{"uv":[0.0,0.0,16.0,16.0],"texture":"#0"},"west":{"uv":[0.0,0.0,16.0,16.0],"texture":"#0"},"up":{"uv":[0.0,0.0,16.0,16.0],"texture":"#0"},"down":{"uv":[0.0,0.0,16.0,16.0],"texture":"#0"}}},{"from":[4.01,9.576,11.99],"to":[5.606,11.172,13.586],"faces":{"north":{"uv":[0.0,0.0,16.0,16.0],"texture":"#0"},"east":{"uv":[0.0,0.0,16.0,16.0],"texture":"#0"},"south":{"uv":[0.0,0.0,16.0,16.0],"texture":"#0"},"west":{"uv":[0.0,0.0,16.0,16.0],"texture":"#0"},"up":{"uv":[0.0,0.0,16.0,16.0],"texture":"#0"},"down":{"uv":[0.0,0.0,16.0,16.0],"texture":"#0"}}},{"from":[2.414,9.576,7.202],"to":[4.01,11.172,8.798],"faces":{"north":{"uv":[0.0,0.0,16.0,16.0],"texture":"#0"},"east":{"uv":[0.0,0.0,16.0,16.0],"texture":"#0"},"south":{"uv":[0.0,0.0,16.0,16.0],"texture":"#0"},"west":{"uv":[0.0,0.0,16.0,16.0],"texture":"#0"},"up":{"uv":[0.0,0.0,16.0,16.0],"texture":"#0"},"down":{"uv":[0.0,0.0,16.0,16.0],"texture":"#0"}}},{"from":[5.606,11.172,8.798],"to":[7.202,12.768,10.394],"faces":{"north":{"uv":[0.0,0.0,16.0,16.0],"texture":"#0"},"east":{"uv":[0.0,0.0,16.0,16.0],"texture":"#0"},"south":{"uv":[0.0,0.0,16.0,16.0],"texture":"#0"},"west":{"uv":[0.0,0.0,16.0,16.0],"texture":"#0"},"up":{"uv":[0.0,0.0,16.0,16.0],"texture":"#0"},"down":{"uv":[0.0,0.0,16.0,16.0],"texture":"#0"}}},{"from":[8.798,11.172,5.606],"to":[10.394,12.768,7.202],"faces":{"north":{"uv":[0.0,0.0,16.0,16.0],"texture":"#0"},"east":{"uv":[0.0,0.0,16.0,16.0],"texture":"#0"},"south":{"uv":[0.0,0.0,16.0,16.0],"texture":"#0"},"west":{"uv":[0.0,0.0,16.0,16.0],"texture":"#0"},"up":{"uv":[0.0,0.0,16.0,16.0],"texture":"#0"},"down":{"uv":[0.0,0.0,16.0,16.0],"texture":"#0"}}},{"from":[7.202,11.172,7.202],"to":[8.798,12.768,8.798],"faces":{"north":{"uv":[0.0,0.0,16.0,16.0],"texture":"#0"},"east":{"uv":[0.0,0.0,16.0,16.0],"texture":"#0"},"south":{"uv":[0.0,0.0,16.0,16.0],"texture":"#0"},"west":{"uv":[0.0,0.0,16.0,16.0],"texture":"#0"},"up":{"uv":[0.0,0.0,16.0,16.0],"texture":"#0"}}},{"from":[8.798,9.576,5.606],"to":[10.394,11.172,7.202],"faces":{"north":{"uv":[0.0,0.0,16.0,16.0],"texture":"#0"},"east":{"uv":[0.0,0.0,16.0,16.0],"texture":"#0"},"south":{"uv":[0.0,0.0,16.0,16.0],"texture":"#0"},"west":{"uv":[0.0,0.0,16.0,16.0],"texture":"#0"},"up":{"uv":[0.0,0.0,16.0,16.0],"texture":"#0"},"down":{"uv":[0.0,0.0,16.0,16.0],"texture":"#0"}}},{"from":[5.606,9.576,8.798],"to":[7.202,11.172,10.394],"faces":{"north":{"uv":[0.0,0.0,16.0,16.0],"texture":"#0"},"east":{"uv":[0.0,0.0,16.0,16.0],"texture":"#0"},"south":{"uv":[0.0,0.0,16.0,16.0],"texture":"#0"},"west":{"uv":[0.0,0.0,16.0,16.0],"texture":"#0"},"up":{"uv":[0.0,0.0,16.0,16.0],"texture":"#0"},"down":{"uv":[0.0,0.0,16.0,16.0],"texture":"#0"}}},{"from":[8.798,9.576,2.414],"to":[10.394,11.172,4.01],"faces":{"north":{"uv":[0.0,0.0,16.0,16.0],"texture":"#0"},"east":{"uv":[0.0,0.0,16.0,16.0],"texture":"#0"},"south":{"uv":[0.0,0.0,16.0,16.0],"texture":"#0"},"west":{"uv":[0.0,0.0,16.0,16.0],"texture":"#0"},"up":{"uv":[0.0,0.0,16.0,16.0],"texture":"#0"},"down":{"uv":[0.0,0.0,16.0,16.0],"texture":"#0"}}},{"from":[7.202,9.576,7.202],"to":[8.798,11.172,8.798],"faces":{"north":{"uv":[0.0,0.0,16.0,16.0],"texture":"#1"},"east":{"uv":[0.0,0.0,16.0,16.0],"texture":"#1"},"south":{"uv":[0.0,0.0,16.0,16.0],"texture":"#1"},"west":{"uv":[0.0,0.0,16.0,16.0],"texture":"#1"},"up":{"uv":[0.0,0.0,16.0,16.0],"texture":"#2"}}},{"from":[2.414,9.576,8.798],"to":[4.01,11.172,10.394],"faces":{"north":{"uv":[0.0,0.0,16.0,16.0],"texture":"#0"},"east":{"uv":[0.0,0.0,16.0,16.0],"texture":"#0"},"south":{"uv":[0.0,0.0,16.0,16.0],"texture":"#0"},"west":{"uv":[0.0,0.0,16.0,16.0],"texture":"#0"},"up":{"uv":[0.0,0.0,16.0,16.0],"texture":"#0"},"down":{"uv":[0.0,0.0,16.0,16.0],"texture":"#0"}}},{"from":[7.202,7.98,7.202],"to":[8.798,9.576,8.798],"faces":{"north":{"uv":[0.0,0.0,16.0,16.0],"texture":"#1"},"east":{"uv":[0.0,0.0,16.0,16.0],"texture":"#1"},"south":{"uv":[0.0,0.0,16.0,16.0],"texture":"#1"},"west":{"uv":[0.0,0.0,16.0,16.0],"texture":"#1"}}},{"from":[5.606,9.576,10.394],"to":[7.202,11.172,11.99],"faces":{"north":{"uv":[0.0,0.0,16.0,16.0],"texture":"#0"},"east":{"uv":[0.0,0.0,16.0,16.0],"texture":"#0"},"south":{"uv":[0.0,0.0,16.0,16.0],"texture":"#0"},"west":{"uv":[0.0,0.0,16.0,16.0],"texture":"#0"},"up":{"uv":[0.0,0.0,16.0,16.0],"texture":"#0"},"down":{"uv":[0.0,0.0,16.0,16.0],"texture":"#0"}}},{"from":[8.798,11.172,7.202],"to":[10.394,12.768,8.798],"faces":{"north":{"uv":[0.0,0.0,16.0,16.0],"texture":"#0"},"east":{"uv":[0.0,0.0,16.0,16.0],"texture":"#0"},"south":{"uv":[0.0,0.0,16.0,16.0],"texture":"#0"},"west":{"uv":[0.0,0.0,16.0,16.0],"texture":"#0"},"up":{"uv":[0.0,0.0,16.0,16.0],"texture":"#0"},"down":{"uv":[0.0,0.0,16.0,16.0],"texture":"#0"}}},{"from":[2.414,9.576,10.394],"to":[4.01,11.172,11.99],"faces":{"north":{"uv":[0.0,0.0,16.0,16.0],"texture":"#0"},"east":{"uv":[0.0,0.0,16.0,16.0],"texture":"#0"},"south":{"uv":[0.0,0.0,16.0,16.0],"texture":"#0"},"west":{"uv":[0.0,0.0,16.0,16.0],"texture":"#0"},"up":{"uv":[0.0,0.0,16.0,16.0],"texture":"#0"},"down":{"uv":[0.0,0.0,16.0,16.0],"texture":"#0"}}},{"from":[7.202,11.172,8.798],"to":[8.798,12.768,10.394],"faces":{"north":{"uv":[0.0,0.0,16.0,16.0],"texture":"#0"},"east":{"uv":[0.0,0.0,16.0,16.0],"texture":"#0"},"south":{"uv":[0.0,0.0,16.0,16.0],"texture":"#0"},"west":{"uv":[0.0,0.0,16.0,16.0],"texture":"#0"},"up":{"uv":[0.0,0.0,16.0,16.0],"texture":"#0"},"down":{"uv":[0.0,0.0,16.0,16.0],"texture":"#0"}}},{"from":[10.394,9.576,2.414],"to":[11.99,11.172,4.01],"faces":{"north":{"uv":[0.0,0.0,16.0,16.0],"texture":"#0"},"east":{"uv":[0.0,0.0,16.0,16.0],"texture":"#0"},"south":{"uv":[0.0,0.0,16.0,16.0],"texture":"#0"},"west":{"uv":[0.0,0.0,16.0,16.0],"texture":"#0"},"up":{"uv":[0.0,0.0,16.0,16.0],"texture":"#0"},"down":{"uv":[0.0,0.0,16.0,16.0],"texture":"#0"}}},{"from":[10.394,9.576,5.606],"to":[11.99,11.172,7.202],"faces":{"north":{"uv":[0.0,0.0,16.0,16.0],"texture":"#0"},"east":{"uv":[0.0,0.0,16.0,16.0],"texture":"#0"},"south":{"uv":[0.0,0.0,16.0,16.0],"texture":"#0"},"west":{"uv":[0.0,0.0,16.0,16.0],"texture":"#0"},"up":{"uv":[0.0,0.0,16.0,16.0],"texture":"#0"},"down":{"uv":[0.0,0.0,16.0,16.0],"texture":"#0"}}}]}