{"parent":"nova:block/base","textures":{"0":"block/brown_mushroom_block","2":"block/mushroom_stem","1":"block/mushroom_block_inside"},"elements":[{"from":[1.616,7.296,8.912],"to":[3.44,9.12,10.736],"faces":{"west":{"uv":[0.0,0.0,16.0,16.0],"texture":"#0"},"up":{"uv":[0.0,0.0,16.0,16.0],"texture":"#0"},"down":{"uv":[0.0,0.0,16.0,16.0],"texture":"#1"}}},{"from":[8.912,7.296,5.264],"to":[10.736,9.12,7.088],"faces":{"up":{"uv":[0.0,0.0,16.0,16.0],"texture":"#0"},"down":{"uv":[0.0,0.0,16.0,16.0],"texture":"#1"}}},{"from":[8.912,7.296,1.616],"to":[10.736,9.12,3.44],"faces":{"north":{"uv":[0.0,0.0,16.0,16.0],"texture":"#0"},"up":{"uv":[0.0,0.0,16.0,16.0],"texture":"#0"},"down":{"uv":[0.0,0.0,16.0,16.0],"texture":"#1"}}},{"from":[7.088,7.296,7.088],"to":[8.912,9.12,8.912],"faces":{"up":{"uv":[0.0,0.0,16.0,16.0],"texture":"#0"}}},{"from":[5.264,7.296,8.912],"to":[7.088,9.12,10.736],"faces":{"up":{"uv":[0.0,0.0,16.0,16.0],"texture":"#0"},"down":{"uv":[0.0,0.0,16.0,16.0],"texture":"#1"}}},{"from":[1.616,7.296,10.736],"to":[3.44,9.12,12.56],"faces":{"south":{"uv":[0.0,0.0,16.0,16.0],"texture":"#0"},"west":{"uv":[0.0,0.0,16.0,16.0],"texture":"#0"},"up":{"uv":[0.0,0.0,16.0,16.0],"texture":"#0"},"down":{"uv":[0.0,0.0,16.0,16.0],"texture":"#1"}}},{"from":[10.736,7.296,1.616],"to":[12.56,9.12,3.44],"faces":{"north":{"uv":[0.0,0.0,16.0,16.0],"texture":"#0"},"east":{"uv":[0.0,0.0,16.0,16.0],"texture":"#0"},"up":{"uv":[0.0,0.0,16.0,16.0],"texture":"#0"},"down":{"uv":[0.0,0.0,16.0,16.0],"texture":"#1"}}},{"from":[10.736,7.296,5.264],"to":[12.56,9.12,7.088],"faces":{"up":{"uv":[0.0,0.0,16.0,16.0],"texture":"#0"},"down":{"uv":[0.0,0.0,16.0,16.0],"texture":"#1"}}},{"from":[5.264,7.296,10.736],"to":[7.088,9.12,12.56],"faces":{"up":{"uv":[0.0,0.0,16.0,16.0],"texture":"#0"},"down":{"uv":[0.0,0.0,16.0,16.0],"texture":"#1"}}},{"from":[7.088,5.472,7.088],"to":[8.912,7.296,8.912],"faces":{"north":{"uv":[0.0,0.0,16.0,16.0],"texture":"#2"},"east":{"uv":[0.0,0.0,16.0,16.0],"texture":"#2"},"south":{"uv":[0.0,0.0,16.0,16.0],"texture":"#2"},"west":{"uv":[0.0,0.0,16.0,16.0],"texture":"#2"}}},{"from":[12.56,7.296,5.264],"to":[14.384,9.12,7.088],"faces":{"east":{"uv":[0.0,0.0,16.0,16.0],"texture":"#0"},"up":{"uv":[0.0,0.0,16.0,16.0],"texture":"#0"},"down":{"uv":[0.0,0.0,16.0,16.0],"texture":"#1"}}},{"from":[8.912,7.296,7.088],"to":[10.736,9.12,8.912],"faces":{"up":{"uv":[0.0,0.0,16.0,16.0],"texture":"#0"},"down":{"uv":[0.0,0.0,16.0,16.0],"texture":"#1"}}},{"from":[7.088,7.296,8.912],"to":[8.912,9.12,10.736],"faces":{"up":{"uv":[0.0,0.0,16.0,16.0],"texture":"#0"},"down":{"uv":[0.0,0.0,16.0,16.0],"texture":"#1"}}},{"from":[5.264,7.296,12.56],"to":[7.088,9.12,14.384],"faces":{"south":{"uv":[0.0,0.0,16.0,16.0],"texture":"#0"},"up":{"uv":[0.0,0.0,16.0,16.0],"texture":"#0"},"down":{"uv":[0.0,0.0,16.0,16.0],"texture":"#1"}}},{"from":[7.088,7.296,10.736],"to":[8.912,9.12,12.56],"faces":{"up":{"uv":[0.0,0.0,16.0,16.0],"texture":"#0"},"down":{"uv":[0.0,0.0,16.0,16.0],"texture":"#1"}}},{"from":[10.736,7.296,7.088],"to":[12.56,9.12,8.912],"faces":{"up":{"uv":[0.0,0.0,16.0,16.0],"texture":"#0"},"down":{"uv":[0.0,0.0,16.0,16.0],"texture":"#1"}}},{"from":[7.088,7.296,12.56],"to":[8.912,9.12,14.384],"faces":{"south":{"uv":[0.0,0.0,16.0,16.0],"texture":"#0"},"up":{"uv":[0.0,0.0,16.0,16.0],"texture":"#0"},"down":{"uv":[0.0,0.0,16.0,16.0],"texture":"#1"}}},{"from":[7.088,3.648,7.088],"to":[8.912,5.472,8.912],"faces":{"north":{"uv":[0.0,0.0,16.0,16.0],"texture":"#2"},"east":{"uv":[0.0,0.0,16.0,16.0],"texture":"#2"},"south":{"uv":[0.0,0.0,16.0,16.0],"texture":"#2"},"west":{"uv":[0.0,0.0,16.0,16.0],"texture":"#2"}}},{"from":[12.56,7.296,7.088],"to":[14.384,9.12,8.912],"faces":{"east":{"uv":[0.0,0.0,16.0,16.0],"texture":"#0"},"up":{"uv":[0.0,0.0,16.0,16.0],"texture":"#0"},"down":{"uv":[0.0,0.0,16.0,16.0],"texture":"#1"}}},{"from":[7.088,0.0,7.088],"to":[8.912,1.824,8.912],"faces":{"north":{"uv":[0.0,0.0,16.0,16.0],"texture":"#2"},"east":{"uv":[0.0,0.0,16.0,16.0],"texture":"#2"},"south":{"uv":[0.0,0.0,16.0,16.0],"texture":"#2"},"west":{"uv":[0.0,0.0,16.0,16.0],"texture":"#2"},"down":{"uv":[0.0,0.0,16.0,16.0],"texture":"#1"}}},{"from":[8.912,7.296,8.912],"to":[10.736,9.12,10.736],"faces":{"up":{"uv":[0.0,0.0,16.0,16.0],"texture":"#0"},"down":{"uv":[0.0,0.0,16.0,16.0],"texture":"#1"}}},{"from":[8.912,7.296,10.736],"to":[10.736,9.12,12.56],"faces":{"up":{"uv":[0.0,0.0,16.0,16.0],"texture":"#0"},"down":{"uv":[0.0,0.0,16.0,16.0],"texture":"#1"}}},{"from":[10.736,7.296,8.912],"to":[12.56,9.12,10.736],"faces":{"up":{"uv":[0.0,0.0,16.0,16.0],"texture":"#0"},"down":{"uv":[0.0,0.0,16.0,16.0],"texture":"#1"}}},{"from":[10.736,7.296,10.736],"to":[12.56,9.12,12.56],"faces":{"up":{"uv":[0.0,0.0,16.0,16.0],"texture":"#0"},"down":{"uv":[0.0,0.0,16.0,16.0],"texture":"#1"}}},{"from":[12.56,7.296,8.912],"to":[14.384,9.12,10.736],"faces":{"east":{"uv":[0.0,0.0,16.0,16.0],"texture":"#0"},"up":{"uv":[0.0,0.0,16.0,16.0],"texture":"#0"},"down":{"uv":[0.0,0.0,16.0,16.0],"texture":"#1"}}},{"from":[8.912,7.296,12.56],"to":[10.736,9.12,14.384],"faces":{"south":{"uv":[0.0,0.0,16.0,16.0],"texture":"#0"},"up":{"uv":[0.0,0.0,16.0,16.0],"texture":"#0"},"down":{"uv":[0.0,0.0,16.0,16.0],"texture":"#1"}}},{"from":[12.56,7.296,10.736],"to":[14.384,9.12,12.56],"faces":{"east":{"uv":[0.0,0.0,16.0,16.0],"texture":"#0"},"south":{"uv":[0.0,0.0,16.0,16.0],"texture":"#0"},"up":{"uv":[0.0,0.0,16.0,16.0],"texture":"#0"},"down":{"uv":[0.0,0.0,16.0,16.0],"texture":"#1"}}},{"from":[10.736,7.296,12.56],"to":[12.56,9.12,14.384],"faces":{"east":{"uv":[0.0,0.0,16.0,16.0],"texture":"#0"},"south":{"uv":[0.0,0.0,16.0,16.0],"texture":"#0"},"up":{"uv":[0.0,0.0,16.0,16.0],"texture":"#0"},"down":{"uv":[0.0,0.0,16.0,16.0],"texture":"#1"}}},{"from":[7.088,1.824,7.088],"to":[8.912,3.648,8.912],"faces":{"north":{"uv":[0.0,0.0,16.0,16.0],"texture":"#2"},"east":{"uv":[0.0,0.0,16.0,16.0],"texture":"#2"},"south":{"uv":[0.0,0.0,16.0,16.0],"texture":"#2"},"west":{"uv":[0.0,0.0,16.0,16.0],"texture":"#2"}}},{"from":[3.44,7.296,3.44],"to":[5.264,9.12,5.264],"faces":{"up":{"uv":[0.0,0.0,16.0,16.0],"texture":"#0"},"down":{"uv":[0.0,0.0,16.0,16.0],"texture":"#1"}}},{"from":[1.616,7.296,3.44],"to":[3.44,9.12,5.264],"faces":{"north":{"uv":[0.0,0.0,16.0,16.0],"texture":"#0"},"west":{"uv":[0.0,0.0,16.0,16.0],"texture":"#0"},"up":{"uv":[0.0,0.0,16.0,16.0],"texture":"#0"},"down":{"uv":[0.0,0.0,16.0,16.0],"texture":"#1"}}},{"from":[5.264,7.296,3.44],"to":[7.088,9.12,5.264],"faces":{"up":{"uv":[0.0,0.0,16.0,16.0],"texture":"#0"},"down":{"uv":[0.0,0.0,16.0,16.0],"texture":"#1"}}},{"from":[3.44,7.296,1.616],"to":[5.264,9.12,3.44],"faces":{"north":{"uv":[0.0,0.0,16.0,16.0],"texture":"#0"},"west":{"uv":[0.0,0.0,16.0,16.0],"texture":"#0"},"up":{"uv":[0.0,0.0,16.0,16.0],"texture":"#0"},"down":{"uv":[0.0,0.0,16.0,16.0],"texture":"#1"}}},{"from":[3.44,7.296,5.264],"to":[5.264,9.12,7.088],"faces":{"up":{"uv":[0.0,0.0,16.0,16.0],"texture":"#0"},"down":{"uv":[0.0,0.0,16.0,16.0],"texture":"#1"}}},{"from":[7.088,7.296,3.44],"to":[8.912,9.12,5.264],"faces":{"up":{"uv":[0.0,0.0,16.0,16.0],"texture":"#0"},"down":{"uv":[0.0,0.0,16.0,16.0],"texture":"#1"}}},{"from":[3.44,7.296,7.088],"to":[5.264,9.12,8.912],"faces":{"up":{"uv":[0.0,0.0,16.0,16.0],"texture":"#0"},"down":{"uv":[0.0,0.0,16.0,16.0],"texture":"#1"}}},{"from":[1.616,7.296,5.264],"to":[3.44,9.12,7.088],"faces":{"west":{"uv":[0.0,0.0,16.0,16.0],"texture":"#0"},"up":{"uv":[0.0,0.0,16.0,16.0],"texture":"#0"},"down":{"uv":[0.0,0.0,16.0,16.0],"texture":"#1"}}},{"from":[8.912,7.296,3.44],"to":[10.736,9.12,5.264],"faces":{"up":{"uv":[0.0,0.0,16.0,16.0],"texture":"#0"},"down":{"uv":[0.0,0.0,16.0,16.0],"texture":"#1"}}},{"from":[5.264,7.296,1.616],"to":[7.088,9.12,3.44],"faces":{"north":{"uv":[0.0,0.0,16.0,16.0],"texture":"#0"},"up":{"uv":[0.0,0.0,16.0,16.0],"texture":"#0"},"down":{"uv":[0.0,0.0,16.0,16.0],"texture":"#1"}}},{"from":[5.264,7.296,5.264],"to":[7.088,9.12,7.088],"faces":{"up":{"uv":[0.0,0.0,16.0,16.0],"texture":"#0"},"down":{"uv":[0.0,0.0,16.0,16.0],"texture":"#1"}}},{"from":[3.44,7.296,8.912],"to":[5.264,9.12,10.736],"faces":{"up":{"uv":[0.0,0.0,16.0,16.0],"texture":"#0"},"down":{"uv":[0.0,0.0,16.0,16.0],"texture":"#1"}}},{"from":[10.736,7.296,3.44],"to":[12.56,9.12,5.264],"faces":{"up":{"uv":[0.0,0.0,16.0,16.0],"texture":"#0"},"down":{"uv":[0.0,0.0,16.0,16.0],"texture":"#1"}}},{"from":[3.44,7.296,10.736],"to":[5.264,9.12,12.56],"faces":{"up":{"uv":[0.0,0.0,16.0,16.0],"texture":"#0"},"down":{"uv":[0.0,0.0,16.0,16.0],"texture":"#1"}}},{"from":[1.616,7.296,7.088],"to":[3.44,9.12,8.912],"faces":{"west":{"uv":[0.0,0.0,16.0,16.0],"texture":"#0"},"up":{"uv":[0.0,0.0,16.0,16.0],"texture":"#0"},"down":{"uv":[0.0,0.0,16.0,16.0],"texture":"#1"}}},{"from":[12.56,7.296,3.44],"to":[14.384,9.12,5.264],"faces":{"north":{"uv":[0.0,0.0,16.0,16.0],"texture":"#0"},"east":{"uv":[0.0,0.0,16.0,16.0],"texture":"#0"},"up":{"uv":[0.0,0.0,16.0,16.0],"texture":"#0"},"down":{"uv":[0.0,0.0,16.0,16.0],"texture":"#1"}}},{"from":[7.088,7.296,5.264],"to":[8.912,9.12,7.088],"faces":{"up":{"uv":[0.0,0.0,16.0,16.0],"texture":"#0"},"down":{"uv":[0.0,0.0,16.0,16.0],"texture":"#1"}}},{"from":[7.088,7.296,1.616],"to":[8.912,9.12,3.44],"faces":{"north":{"uv":[0.0,0.0,16.0,16.0],"texture":"#0"},"up":{"uv":[0.0,0.0,16.0,16.0],"texture":"#0"},"down":{"uv":[0.0,0.0,16.0,16.0],"texture":"#1"}}},{"from":[5.264,7.296,7.088],"to":[7.088,9.12,8.912],"faces":{"up":{"uv":[0.0,0.0,16.0,16.0],"texture":"#0"},"down":{"uv":[0.0,0.0,16.0,16.0],"texture":"#1"}}},{"from":[3.44,7.296,12.56],"to":[5.264,9.12,14.384],"faces":{"south":{"uv":[0.0,0.0,16.0,16.0],"texture":"#0"},"west":{"uv":[0.0,0.0,16.0,16.0],"texture":"#0"},"up":{"uv":[0.0,0.0,16.0,16.0],"texture":"#0"},"down":{"uv":[0.0,0.0,16.0,16.0],"texture":"#1"}}}]}