{"parent":"nova:block/base","textures":{"1":"block/crimson_stem","0":"block/nether_wart_block","4":"block/weeping_vines_plant","5":"block/shroomlight","3":"block/weeping_vines","2":"block/crimson_stem_top"},"elements":[{"from":[8.798,4.788,4.01],"to":[10.394,6.384,5.606],"faces":{"north":{"uv":[0.0,0.0,16.0,16.0],"texture":"#0"},"east":{"uv":[0.0,0.0,16.0,16.0],"texture":"#0"},"south":{"uv":[0.0,0.0,16.0,16.0],"texture":"#0"},"west":{"uv":[0.0,0.0,16.0,16.0],"texture":"#0"}}},{"from":[10.394,3.192,5.606],"to":[11.99,4.788,7.202],"faces":{"north":{"uv":[0.0,0.0,16.0,16.0],"texture":"#0"},"east":{"uv":[0.0,0.0,16.0,16.0],"texture":"#0"},"south":{"uv":[0.0,0.0,16.0,16.0],"texture":"#0"},"west":{"uv":[0.0,0.0,16.0,16.0],"texture":"#0"},"down":{"uv":[0.0,0.0,16.0,16.0],"texture":"#0"}}},{"from":[7.202,3.192,7.202],"to":[8.798,4.788,8.798],"faces":{"north":{"uv":[0.0,0.0,16.0,16.0],"texture":"#1"},"east":{"uv":[0.0,0.0,16.0,16.0],"texture":"#1"},"south":{"uv":[0.0,0.0,16.0,16.0],"texture":"#1"},"west":{"uv":[0.0,0.0,16.0,16.0],"texture":"#1"}}},{"from":[7.202,0.0,7.202],"to":[8.798,1.596,8.798],"faces":{"north":{"uv":[0.0,0.0,16.0,16.0],"texture":"#1"},"east":{"uv":[0.0,0.0,16.0,16.0],"texture":"#1"},"south":{"uv":[0.0,0.0,16.0,16.0],"texture":"#1"},"west":{"uv":[0.0,0.0,16.0,16.0],"texture":"#1"},"down":{"uv":[0.0,0.0,16.0,16.0],"texture":"#2"}}},{"from":[10.394,6.384,7.202],"to":[11.99,7.98,8.798],"faces":{"east":{"uv":[0.0,0.0,16.0,16.0],"texture":"#0"},"south":{"uv":[0.0,0.0,16.0,16.0],"texture":"#0"},"west":{"uv":[0.0,0.0,16.0,16.0],"texture":"#0"}}},{"from":[10.394,7.98,8.798],"to":[11.99,9.576,10.394],"faces":{"east":{"uv":[0.0,0.0,16.0,16.0],"texture":"#0"},"south":{"uv":[0.0,0.0,16.0,16.0],"texture":"#0"},"west":{"uv":[0.0,0.0,16.0,16.0],"texture":"#0"},"up":{"uv":[0.0,0.0,16.0,16.0],"texture":"#0"},"down":{"uv":[0.0,0.0,16.0,16.0],"texture":"#0"}}},{"from":[8.798,7.98,10.394],"to":[10.394,9.576,11.99],"faces":{"north":{"uv":[0.0,0.0,16.0,16.0],"texture":"#0"},"east":{"uv":[0.0,0.0,16.0,16.0],"texture":"#0"},"south":{"uv":[0.0,0.0,16.0,16.0],"texture":"#0"},"up":{"uv":[0.0,0.0,16.0,16.0],"texture":"#0"},"down":{"uv":[0.0,0.0,16.0,16.0],"texture":"#0"}}},{"from":[8.798,3.192,4.01],"to":[10.394,4.788,5.606],"faces":{"north":{"uv":[0.0,0.0,16.0,16.0],"texture":"#0"},"east":{"uv":[0.0,0.0,16.0,16.0],"texture":"#0"},"south":{"uv":[0.0,0.0,16.0,16.0],"texture":"#0"},"west":{"uv":[0.0,0.0,16.0,16.0],"texture":"#0"},"down":{"uv":[0.0,0.0,16.0,16.0],"texture":"#0"}}},{"from":[10.394,4.788,7.202],"to":[11.99,6.384,8.798],"faces":{"east":{"uv":[0.0,0.0,16.0,16.0],"texture":"#0"},"south":{"uv":[0.0,0.0,16.0,16.0],"texture":"#0"},"west":{"uv":[0.0,0.0,16.0,16.0],"texture":"#0"},"down":{"uv":[0.0,0.0,16.0,16.0],"texture":"#0"}}},{"from":[8.878,0.0,4.808],"to":[10.314,1.596,4.808],"shade":false,"rotation":{"angle":45.0,"axis":"y","origin":[9.596,0.798,4.808],"rescale":true},"faces":{"north":{"uv":[0.0,0.0,16.0,16.0],"texture":"#3"},"south":{"uv":[0.0,0.0,16.0,16.0],"texture":"#3"}}},{"from":[9.596,0.0,4.09],"to":[9.596,1.596,5.526],"shade":false,"rotation":{"angle":45.0,"axis":"y","origin":[9.596,0.798,4.808],"rescale":true},"faces":{"east":{"uv":[0.0,0.0,16.0,16.0],"texture":"#3"},"west":{"uv":[0.0,0.0,16.0,16.0],"texture":"#3"}}},{"from":[7.202,1.596,7.202],"to":[8.798,3.192,8.798],"faces":{"north":{"uv":[0.0,0.0,16.0,16.0],"texture":"#1"},"east":{"uv":[0.0,0.0,16.0,16.0],"texture":"#1"},"south":{"uv":[0.0,0.0,16.0,16.0],"texture":"#1"},"west":{"uv":[0.0,0.0,16.0,16.0],"texture":"#1"}}},{"from":[10.394,6.384,10.394],"to":[11.99,7.98,11.99],"faces":{"north":{"uv":[0.0,0.0,16.0,16.0],"texture":"#0"},"east":{"uv":[0.0,0.0,16.0,16.0],"texture":"#0"},"south":{"uv":[0.0,0.0,16.0,16.0],"texture":"#0"},"west":{"uv":[0.0,0.0,16.0,16.0],"texture":"#0"},"up":{"uv":[0.0,0.0,16.0,16.0],"texture":"#0"}}},{"from":[10.394,4.788,10.394],"to":[11.99,6.384,11.99],"faces":{"north":{"uv":[0.0,0.0,16.0,16.0],"texture":"#0"},"east":{"uv":[0.0,0.0,16.0,16.0],"texture":"#0"},"south":{"uv":[0.0,0.0,16.0,16.0],"texture":"#0"},"west":{"uv":[0.0,0.0,16.0,16.0],"texture":"#0"},"down":{"uv":[0.0,0.0,16.0,16.0],"texture":"#0"}}},{"from":[8.878,1.596,4.808],"to":[10.314,3.192,4.808],"shade":false,"rotation":{"angle":45.0,"axis":"y","origin":[9.596,2.394,4.808],"rescale":true},"faces":{"north":{"uv":[0.0,0.0,16.0,16.0],"texture":"#4"},"south":{"uv":[0.0,0.0,16.0,16.0],"texture":"#4"}}},{"from":[9.596,1.596,4.09],"to":[9.596,3.192,5.526],"shade":false,"rotation":{"angle":45.0,"axis":"y","origin":[9.596,2.394,4.808],"rescale":true},"faces":{"east":{"uv":[0.0,0.0,16.0,16.0],"texture":"#4"},"west":{"uv":[0.0,0.0,16.0,16.0],"texture":"#4"}}},{"from":[10.474,3.192,11.192],"to":[11.91,4.788,11.192],"shade":false,"rotation":{"angle":45.0,"axis":"y","origin":[11.192,3.99,11.192],"rescale":true},"faces":{"north":{"uv":[0.0,0.0,16.0,16.0],"texture":"#4"},"south":{"uv":[0.0,0.0,16.0,16.0],"texture":"#4"}}},{"from":[11.192,3.192,10.474],"to":[11.192,4.788,11.91],"shade":false,"rotation":{"angle":45.0,"axis":"y","origin":[11.192,3.99,11.192],"rescale":true},"faces":{"east":{"uv":[0.0,0.0,16.0,16.0],"texture":"#4"},"west":{"uv":[0.0,0.0,16.0,16.0],"texture":"#4"}}},{"from":[10.474,0.0,11.192],"to":[11.91,1.596,11.192],"shade":false,"rotation":{"angle":45.0,"axis":"y","origin":[11.192,0.798,11.192],"rescale":true},"faces":{"north":{"uv":[0.0,0.0,16.0,16.0],"texture":"#3"},"south":{"uv":[0.0,0.0,16.0,16.0],"texture":"#3"}}},{"from":[11.192,0.0,10.474],"to":[11.192,1.596,11.91],"shade":false,"rotation":{"angle":45.0,"axis":"y","origin":[11.192,0.798,11.192],"rescale":true},"faces":{"east":{"uv":[0.0,0.0,16.0,16.0],"texture":"#3"},"west":{"uv":[0.0,0.0,16.0,16.0],"texture":"#3"}}},{"from":[10.474,1.596,11.192],"to":[11.91,3.192,11.192],"shade":false,"rotation":{"angle":45.0,"axis":"y","origin":[11.192,2.394,11.192],"rescale":true},"faces":{"north":{"uv":[0.0,0.0,16.0,16.0],"texture":"#4"},"south":{"uv":[0.0,0.0,16.0,16.0],"texture":"#4"}}},{"from":[11.192,1.596,10.474],"to":[11.192,3.192,11.91],"shade":false,"rotation":{"angle":45.0,"axis":"y","origin":[11.192,2.394,11.192],"rescale":true},"faces":{"east":{"uv":[0.0,0.0,16.0,16.0],"texture":"#4"},"west":{"uv":[0.0,0.0,16.0,16.0],"texture":"#4"}}},{"from":[5.606,11.172,5.606],"to":[7.202,12.768,7.202],"faces":{"north":{"uv":[0.0,0.0,16.0,16.0],"texture":"#0"},"west":{"uv":[0.0,0.0,16.0,16.0],"texture":"#0"},"up":{"uv":[0.0,0.0,16.0,16.0],"texture":"#0"}}},{"from":[5.606,9.576,5.606],"to":[7.202,11.172,7.202],"faces":{"north":{"uv":[0.0,0.0,16.0,16.0],"texture":"#0"},"west":{"uv":[0.0,0.0,16.0,16.0],"texture":"#0"}}},{"from":[5.606,7.98,5.606],"to":[7.202,9.576,7.202],"faces":{"east":{"uv":[0.0,0.0,16.0,16.0],"texture":"#5"},"south":{"uv":[0.0,0.0,16.0,16.0],"texture":"#5"},"down":{"uv":[0.0,0.0,16.0,16.0],"texture":"#5"}}},{"from":[5.606,11.172,7.202],"to":[7.202,12.768,8.798],"faces":{"west":{"uv":[0.0,0.0,16.0,16.0],"texture":"#0"},"up":{"uv":[0.0,0.0,16.0,16.0],"texture":"#0"}}},{"from":[7.202,11.172,5.606],"to":[8.798,12.768,7.202],"faces":{"north":{"uv":[0.0,0.0,16.0,16.0],"texture":"#0"},"up":{"uv":[0.0,0.0,16.0,16.0],"texture":"#0"}}},{"from":[7.202,9.576,5.606],"to":[8.798,11.172,7.202],"faces":{"north":{"uv":[0.0,0.0,16.0,16.0],"texture":"#0"},"down":{"uv":[0.0,0.0,16.0,16.0],"texture":"#0"}}},{"from":[5.606,9.576,7.202],"to":[7.202,11.172,8.798],"faces":{"west":{"uv":[0.0,0.0,16.0,16.0],"texture":"#0"},"down":{"uv":[0.0,0.0,16.0,16.0],"texture":"#0"}}},{"from":[5.606,11.172,8.798],"to":[7.202,12.768,10.394],"faces":{"south":{"uv":[0.0,0.0,16.0,16.0],"texture":"#0"},"west":{"uv":[0.0,0.0,16.0,16.0],"texture":"#0"},"up":{"uv":[0.0,0.0,16.0,16.0],"texture":"#0"}}},{"from":[5.606,7.98,4.01],"to":[7.202,9.576,5.606],"faces":{"north":{"uv":[0.0,0.0,16.0,16.0],"texture":"#0"},"up":{"uv":[0.0,0.0,16.0,16.0],"texture":"#0"}}},{"from":[8.798,11.172,5.606],"to":[10.394,12.768,7.202],"faces":{"north":{"uv":[0.0,0.0,16.0,16.0],"texture":"#0"},"east":{"uv":[0.0,0.0,16.0,16.0],"texture":"#0"},"up":{"uv":[0.0,0.0,16.0,16.0],"texture":"#0"}}},{"from":[4.01,7.98,5.606],"to":[5.606,9.576,7.202],"faces":{"west":{"uv":[0.0,0.0,16.0,16.0],"texture":"#0"},"up":{"uv":[0.0,0.0,16.0,16.0],"texture":"#0"}}},{"from":[5.606,6.384,4.01],"to":[7.202,7.98,5.606],"faces":{"north":{"uv":[0.0,0.0,16.0,16.0],"texture":"#0"},"south":{"uv":[0.0,0.0,16.0,16.0],"texture":"#0"},"west":{"uv":[0.0,0.0,16.0,16.0],"texture":"#0"}}},{"from":[4.01,6.384,5.606],"to":[5.606,7.98,7.202],"faces":{"north":{"uv":[0.0,0.0,16.0,16.0],"texture":"#0"},"east":{"uv":[0.0,0.0,16.0,16.0],"texture":"#0"},"west":{"uv":[0.0,0.0,16.0,16.0],"texture":"#0"}}},{"from":[8.798,9.576,5.606],"to":[10.394,11.172,7.202],"faces":{"north":{"uv":[0.0,0.0,16.0,16.0],"texture":"#0"},"east":{"uv":[0.0,0.0,16.0,16.0],"texture":"#0"}}},{"from":[5.606,9.576,8.798],"to":[7.202,11.172,10.394],"faces":{"south":{"uv":[0.0,0.0,16.0,16.0],"texture":"#0"},"west":{"uv":[0.0,0.0,16.0,16.0],"texture":"#0"}}},{"from":[5.606,7.98,8.798],"to":[7.202,9.576,10.394],"faces":{"north":{"uv":[0.0,0.0,16.0,16.0],"texture":"#5"},"down":{"uv":[0.0,0.0,16.0,16.0],"texture":"#5"}}},{"from":[8.798,7.98,5.606],"to":[10.394,9.576,7.202],"faces":{"south":{"uv":[0.0,0.0,16.0,16.0],"texture":"#5"},"west":{"uv":[0.0,0.0,16.0,16.0],"texture":"#5"},"down":{"uv":[0.0,0.0,16.0,16.0],"texture":"#5"}}},{"from":[7.202,11.172,7.202],"to":[8.798,12.768,8.798],"faces":{"up":{"uv":[0.0,0.0,16.0,16.0],"texture":"#0"}}},{"from":[5.606,4.788,4.01],"to":[7.202,6.384,5.606],"faces":{"north":{"uv":[0.0,0.0,16.0,16.0],"texture":"#0"},"east":{"uv":[0.0,0.0,16.0,16.0],"texture":"#0"},"south":{"uv":[0.0,0.0,16.0,16.0],"texture":"#0"},"west":{"uv":[0.0,0.0,16.0,16.0],"texture":"#0"},"down":{"uv":[0.0,0.0,16.0,16.0],"texture":"#0"}}},{"from":[4.01,4.788,5.606],"to":[5.606,6.384,7.202],"faces":{"north":{"uv":[0.0,0.0,16.0,16.0],"texture":"#0"},"east":{"uv":[0.0,0.0,16.0,16.0],"texture":"#0"},"south":{"uv":[0.0,0.0,16.0,16.0],"texture":"#0"},"west":{"uv":[0.0,0.0,16.0,16.0],"texture":"#0"},"down":{"uv":[0.0,0.0,16.0,16.0],"texture":"#0"}}},{"from":[4.01,7.98,4.01],"to":[5.606,9.576,5.606],"faces":{"north":{"uv":[0.0,0.0,16.0,16.0],"texture":"#0"},"west":{"uv":[0.0,0.0,16.0,16.0],"texture":"#0"},"up":{"uv":[0.0,0.0,16.0,16.0],"texture":"#0"},"down":{"uv":[0.0,0.0,16.0,16.0],"texture":"#0"}}},{"from":[7.202,7.98,4.01],"to":[8.798,9.576,5.606],"faces":{"north":{"uv":[0.0,0.0,16.0,16.0],"texture":"#0"},"south":{"uv":[0.0,0.0,16.0,16.0],"texture":"#0"},"up":{"uv":[0.0,0.0,16.0,16.0],"texture":"#0"}}},{"from":[7.202,7.98,7.202],"to":[8.798,9.576,8.798],"faces":{"north":{"uv":[0.0,0.0,16.0,16.0],"texture":"#1"},"east":{"uv":[0.0,0.0,16.0,16.0],"texture":"#1"},"west":{"uv":[0.0,0.0,16.0,16.0],"texture":"#1"}}},{"from":[10.394,7.98,5.606],"to":[11.99,9.576,7.202],"faces":{"east":{"uv":[0.0,0.0,16.0,16.0],"texture":"#0"},"up":{"uv":[0.0,0.0,16.0,16.0],"texture":"#0"}}},{"from":[5.606,7.98,10.394],"to":[7.202,9.576,11.99],"faces":{"south":{"uv":[0.0,0.0,16.0,16.0],"texture":"#0"},"up":{"uv":[0.0,0.0,16.0,16.0],"texture":"#0"}}},{"from":[8.798,11.172,7.202],"to":[10.394,12.768,8.798],"faces":{"east":{"uv":[0.0,0.0,16.0,16.0],"texture":"#0"},"up":{"uv":[0.0,0.0,16.0,16.0],"texture":"#0"}}},{"from":[4.01,7.98,7.202],"to":[5.606,9.576,8.798],"faces":{"east":{"uv":[0.0,0.0,16.0,16.0],"texture":"#0"},"west":{"uv":[0.0,0.0,16.0,16.0],"texture":"#0"},"up":{"uv":[0.0,0.0,16.0,16.0],"texture":"#0"}}},{"from":[7.202,11.172,8.798],"to":[8.798,12.768,10.394],"faces":{"south":{"uv":[0.0,0.0,16.0,16.0],"texture":"#0"},"up":{"uv":[0.0,0.0,16.0,16.0],"texture":"#0"}}},{"from":[7.202,6.384,4.01],"to":[8.798,7.98,5.606],"faces":{"north":{"uv":[0.0,0.0,16.0,16.0],"texture":"#0"},"south":{"uv":[0.0,0.0,16.0,16.0],"texture":"#0"},"down":{"uv":[0.0,0.0,16.0,16.0],"texture":"#0"}}},{"from":[7.202,6.384,7.202],"to":[8.798,7.98,8.798],"faces":{"north":{"uv":[0.0,0.0,16.0,16.0],"texture":"#1"},"east":{"uv":[0.0,0.0,16.0,16.0],"texture":"#1"},"south":{"uv":[0.0,0.0,16.0,16.0],"texture":"#1"},"west":{"uv":[0.0,0.0,16.0,16.0],"texture":"#1"}}},{"from":[10.394,6.384,5.606],"to":[11.99,7.98,7.202],"faces":{"north":{"uv":[0.0,0.0,16.0,16.0],"texture":"#0"},"east":{"uv":[0.0,0.0,16.0,16.0],"texture":"#0"},"west":{"uv":[0.0,0.0,16.0,16.0],"texture":"#0"}}},{"from":[5.606,6.384,10.394],"to":[7.202,7.98,11.99],"faces":{"north":{"uv":[0.0,0.0,16.0,16.0],"texture":"#0"},"east":{"uv":[0.0,0.0,16.0,16.0],"texture":"#0"},"south":{"uv":[0.0,0.0,16.0,16.0],"texture":"#0"},"west":{"uv":[0.0,0.0,16.0,16.0],"texture":"#0"}}},{"from":[7.202,9.576,8.798],"to":[8.798,11.172,10.394],"faces":{"south":{"uv":[0.0,0.0,16.0,16.0],"texture":"#0"}}},{"from":[4.01,6.384,7.202],"to":[5.606,7.98,8.798],"faces":{"east":{"uv":[0.0,0.0,16.0,16.0],"texture":"#0"},"west":{"uv":[0.0,0.0,16.0,16.0],"texture":"#0"},"down":{"uv":[0.0,0.0,16.0,16.0],"texture":"#0"}}},{"from":[8.798,9.576,7.202],"to":[10.394,11.172,8.798],"faces":{"east":{"uv":[0.0,0.0,16.0,16.0],"texture":"#0"},"down":{"uv":[0.0,0.0,16.0,16.0],"texture":"#0"}}},{"from":[7.202,7.98,8.798],"to":[8.798,9.576,10.394],"faces":{"east":{"uv":[0.0,0.0,16.0,16.0],"texture":"#5"},"down":{"uv":[0.0,0.0,16.0,16.0],"texture":"#5"}}},{"from":[8.798,7.98,4.01],"to":[10.394,9.576,5.606],"faces":{"north":{"uv":[0.0,0.0,16.0,16.0],"texture":"#0"},"up":{"uv":[0.0,0.0,16.0,16.0],"texture":"#0"}}},{"from":[8.798,11.172,8.798],"to":[10.394,12.768,10.394],"faces":{"east":{"uv":[0.0,0.0,16.0,16.0],"texture":"#0"},"south":{"uv":[0.0,0.0,16.0,16.0],"texture":"#0"},"up":{"uv":[0.0,0.0,16.0,16.0],"texture":"#0"}}},{"from":[4.01,7.98,8.798],"to":[5.606,9.576,10.394],"faces":{"west":{"uv":[0.0,0.0,16.0,16.0],"texture":"#0"},"up":{"uv":[0.0,0.0,16.0,16.0],"texture":"#0"}}},{"from":[5.606,4.788,10.394],"to":[7.202,6.384,11.99],"faces":{"north":{"uv":[0.0,0.0,16.0,16.0],"texture":"#0"},"east":{"uv":[0.0,0.0,16.0,16.0],"texture":"#0"},"south":{"uv":[0.0,0.0,16.0,16.0],"texture":"#0"},"west":{"uv":[0.0,0.0,16.0,16.0],"texture":"#0"},"down":{"uv":[0.0,0.0,16.0,16.0],"texture":"#0"}}},{"from":[10.394,4.788,5.606],"to":[11.99,6.384,7.202],"faces":{"north":{"uv":[0.0,0.0,16.0,16.0],"texture":"#0"},"east":{"uv":[0.0,0.0,16.0,16.0],"texture":"#0"},"west":{"uv":[0.0,0.0,16.0,16.0],"texture":"#0"}}},{"from":[7.202,4.788,7.202],"to":[8.798,6.384,8.798],"faces":{"north":{"uv":[0.0,0.0,16.0,16.0],"texture":"#1"},"east":{"uv":[0.0,0.0,16.0,16.0],"texture":"#1"},"south":{"uv":[0.0,0.0,16.0,16.0],"texture":"#1"},"west":{"uv":[0.0,0.0,16.0,16.0],"texture":"#1"}}},{"from":[8.798,6.384,4.01],"to":[10.394,7.98,5.606],"faces":{"north":{"uv":[0.0,0.0,16.0,16.0],"texture":"#0"},"east":{"uv":[0.0,0.0,16.0,16.0],"texture":"#0"},"south":{"uv":[0.0,0.0,16.0,16.0],"texture":"#0"}}},{"from":[8.798,9.576,8.798],"to":[10.394,11.172,10.394],"faces":{"east":{"uv":[0.0,0.0,16.0,16.0],"texture":"#0"},"south":{"uv":[0.0,0.0,16.0,16.0],"texture":"#0"},"down":{"uv":[0.0,0.0,16.0,16.0],"texture":"#0"}}},{"from":[4.01,6.384,8.798],"to":[5.606,7.98,10.394],"faces":{"east":{"uv":[0.0,0.0,16.0,16.0],"texture":"#0"},"south":{"uv":[0.0,0.0,16.0,16.0],"texture":"#0"},"west":{"uv":[0.0,0.0,16.0,16.0],"texture":"#0"},"down":{"uv":[0.0,0.0,16.0,16.0],"texture":"#0"}}},{"from":[10.394,7.98,4.01],"to":[11.99,9.576,5.606],"faces":{"north":{"uv":[0.0,0.0,16.0,16.0],"texture":"#0"},"east":{"uv":[0.0,0.0,16.0,16.0],"texture":"#0"},"up":{"uv":[0.0,0.0,16.0,16.0],"texture":"#0"},"down":{"uv":[0.0,0.0,16.0,16.0],"texture":"#0"}}},{"from":[7.202,7.98,10.394],"to":[8.798,9.576,11.99],"faces":{"south":{"uv":[0.0,0.0,16.0,16.0],"texture":"#0"},"up":{"uv":[0.0,0.0,16.0,16.0],"texture":"#0"},"down":{"uv":[0.0,0.0,16.0,16.0],"texture":"#0"}}},{"from":[10.394,7.98,7.202],"to":[11.99,9.576,8.798],"faces":{"east":{"uv":[0.0,0.0,16.0,16.0],"texture":"#0"},"west":{"uv":[0.0,0.0,16.0,16.0],"texture":"#0"},"up":{"uv":[0.0,0.0,16.0,16.0],"texture":"#0"}}},{"from":[4.01,7.98,10.394],"to":[5.606,9.576,11.99],"faces":{"south":{"uv":[0.0,0.0,16.0,16.0],"texture":"#0"},"west":{"uv":[0.0,0.0,16.0,16.0],"texture":"#0"},"up":{"uv":[0.0,0.0,16.0,16.0],"texture":"#0"},"down":{"uv":[0.0,0.0,16.0,16.0],"texture":"#0"}}}]}