{
	"parent": "nova:block/base",
	"textures": {
		"1": "machines:block/machine_frame/machine_frame",
		"2": "machines:block/machine_frame/machine_frame"
	},
	"elements": [
		{
			"from": [1, 1, 3],
			"to": [3, 3, 12],
			"rotation": {"angle": 0, "axis": "y", "origin": [8, 8, 8]},
			"faces": {
				"east": {"uv": [0, 0, 9, 2], "texture": "#2"},
				"west": {"uv": [0, 0, 9, 2], "texture": "#2"},
				"up": {"uv": [0, 0, 9, 2], "rotation": 90, "texture": "#2"},
				"down": {"uv": [0, 0, 9, 2], "rotation": 270, "texture": "#2"}
			}
		},
		{
			"from": [1, 13, 3],
			"to": [3, 15, 12],
			"rotation": {"angle": 0, "axis": "y", "origin": [8, 8, 8]},
			"faces": {
				"east": {"uv": [0, 0, 9, 2], "texture": "#2"},
				"west": {"uv": [0, 0, 9, 2], "texture": "#2"},
				"up": {"uv": [0, 0, 9, 2], "rotation": 90, "texture": "#2"},
				"down": {"uv": [0, 0, 9, 2], "rotation": 270, "texture": "#2"}
			}
		},
		{
			"from": [13, 13, 4],
			"to": [15, 15, 13],
			"rotation": {"angle": 0, "axis": "y", "origin": [8, 8, 8]},
			"faces": {
				"east": {"uv": [0, 0, 9, 2], "texture": "#2"},
				"west": {"uv": [0, 0, 9, 2], "texture": "#2"},
				"up": {"uv": [0, 0, 9, 2], "rotation": 270, "texture": "#2"},
				"down": {"uv": [0, 0, 9, 2], "rotation": 90, "texture": "#2"}
			}
		},
		{
			"from": [13, 1, 4],
			"to": [15, 3, 13],
			"rotation": {"angle": 0, "axis": "y", "origin": [8, 8, 8]},
			"faces": {
				"east": {"uv": [0, 0, 9, 2], "texture": "#2"},
				"west": {"uv": [0, 0, 9, 2], "texture": "#2"},
				"up": {"uv": [0, 0, 9, 2], "rotation": 270, "texture": "#2"},
				"down": {"uv": [0, 0, 9, 2], "rotation": 90, "texture": "#2"}
			}
		},
		{
			"from": [12, 0, 12],
			"to": [16, 4, 16],
			"faces": {
				"north": {"uv": [1, 1, 5, 5], "texture": "#1"},
				"east": {"uv": [1, 1, 5, 5], "texture": "#1"},
				"south": {"uv": [1, 1, 5, 5], "texture": "#1"},
				"west": {"uv": [1, 1, 5, 5], "texture": "#1"},
				"up": {"uv": [1, 1, 5, 5], "texture": "#1"},
				"down": {"uv": [1, 1, 5, 5], "texture": "#1"}
			}
		},
		{
			"from": [12, 12, 12],
			"to": [16, 16, 16],
			"faces": {
				"north": {"uv": [1, 1, 5, 5], "texture": "#1"},
				"east": {"uv": [1, 1, 5, 5], "texture": "#1"},
				"south": {"uv": [1, 1, 5, 5], "texture": "#1"},
				"west": {"uv": [1, 1, 5, 5], "texture": "#1"},
				"up": {"uv": [1, 1, 5, 5], "texture": "#1"},
				"down": {"uv": [1, 1, 5, 5], "texture": "#1"}
			}
		},
		{
			"from": [0, 0, 12],
			"to": [4, 4, 16],
			"faces": {
				"north": {"uv": [1, 1, 5, 5], "texture": "#1"},
				"east": {"uv": [1, 1, 5, 5], "texture": "#1"},
				"south": {"uv": [1, 1, 5, 5], "texture": "#1"},
				"west": {"uv": [1, 1, 5, 5], "texture": "#1"},
				"up": {"uv": [1, 1, 5, 5], "texture": "#1"},
				"down": {"uv": [1, 1, 5, 5], "texture": "#1"}
			}
		},
		{
			"from": [0, 12, 12],
			"to": [4, 16, 16],
			"faces": {
				"north": {"uv": [1, 1, 5, 5], "texture": "#1"},
				"east": {"uv": [1, 1, 5, 5], "texture": "#1"},
				"south": {"uv": [1, 1, 5, 5], "texture": "#1"},
				"west": {"uv": [1, 1, 5, 5], "texture": "#1"},
				"up": {"uv": [1, 1, 5, 5], "texture": "#1"},
				"down": {"uv": [1, 1, 5, 5], "texture": "#1"}
			}
		},
		{
			"from": [13, 4, 13],
			"to": [15, 12, 15],
			"faces": {
				"north": {"uv": [0, 0, 2, 8], "texture": "#2"},
				"east": {"uv": [0, 0, 2, 8], "texture": "#2"},
				"south": {"uv": [0, 0, 2, 8], "texture": "#2"},
				"west": {"uv": [0, 0, 2, 8], "texture": "#2"}
			}
		},
		{
			"from": [1, 4, 13],
			"to": [3, 12, 15],
			"faces": {
				"north": {"uv": [0, 0, 2, 8], "texture": "#2"},
				"east": {"uv": [0, 0, 2, 8], "texture": "#2"},
				"south": {"uv": [0, 0, 2, 8], "texture": "#2"},
				"west": {"uv": [0, 0, 2, 8], "texture": "#2"}
			}
		},
		{
			"from": [3, 1, 13],
			"to": [12, 3, 15],
			"faces": {
				"north": {"uv": [0, 0, 9, 2], "texture": "#2"},
				"south": {"uv": [0, 0, 9, 2], "texture": "#2"},
				"up": {"uv": [0, 0, 9, 2], "texture": "#2"},
				"down": {"uv": [0, 0, 9, 2], "texture": "#2"}
			}
		},
		{
			"from": [3, 13, 13],
			"to": [12, 15, 15],
			"faces": {
				"north": {"uv": [0, 0, 9, 2], "texture": "#2"},
				"south": {"uv": [0, 0, 9, 2], "texture": "#2"},
				"up": {"uv": [0, 0, 9, 2], "texture": "#2"},
				"down": {"uv": [0, 0, 9, 2], "texture": "#2"}
			}
		},
		{
			"from": [0, 0, 0],
			"to": [4, 4, 4],
			"rotation": {"angle": 0, "axis": "y", "origin": [8, 8, 8]},
			"faces": {
				"north": {"uv": [1, 1, 5, 5], "texture": "#1"},
				"east": {"uv": [1, 1, 5, 5], "texture": "#1"},
				"south": {"uv": [1, 1, 5, 5], "texture": "#1"},
				"west": {"uv": [1, 1, 5, 5], "texture": "#1"},
				"up": {"uv": [1, 1, 5, 5], "rotation": 180, "texture": "#1"},
				"down": {"uv": [1, 1, 5, 5], "rotation": 180, "texture": "#1"}
			}
		},
		{
			"from": [0, 12, 0],
			"to": [4, 16, 4],
			"rotation": {"angle": 0, "axis": "y", "origin": [8, 8, 8]},
			"faces": {
				"north": {"uv": [1, 1, 5, 5], "texture": "#1"},
				"east": {"uv": [1, 1, 5, 5], "texture": "#1"},
				"south": {"uv": [1, 1, 5, 5], "texture": "#1"},
				"west": {"uv": [1, 1, 5, 5], "texture": "#1"},
				"up": {"uv": [1, 1, 5, 5], "rotation": 180, "texture": "#1"},
				"down": {"uv": [1, 1, 5, 5], "rotation": 180, "texture": "#1"}
			}
		},
		{
			"from": [12, 0, 0],
			"to": [16, 4, 4],
			"rotation": {"angle": 0, "axis": "y", "origin": [8, 8, 8]},
			"faces": {
				"north": {"uv": [1, 1, 5, 5], "texture": "#1"},
				"east": {"uv": [1, 1, 5, 5], "texture": "#1"},
				"south": {"uv": [1, 1, 5, 5], "texture": "#1"},
				"west": {"uv": [1, 1, 5, 5], "texture": "#1"},
				"up": {"uv": [1, 1, 5, 5], "rotation": 180, "texture": "#1"},
				"down": {"uv": [1, 1, 5, 5], "rotation": 180, "texture": "#1"}
			}
		},
		{
			"from": [12, 12, 0],
			"to": [16, 16, 4],
			"rotation": {"angle": 0, "axis": "y", "origin": [8, 8, 8]},
			"faces": {
				"north": {"uv": [1, 1, 5, 5], "texture": "#1"},
				"east": {"uv": [1, 1, 5, 5], "texture": "#1"},
				"south": {"uv": [1, 1, 5, 5], "texture": "#1"},
				"west": {"uv": [1, 1, 5, 5], "texture": "#1"},
				"up": {"uv": [1, 1, 5, 5], "rotation": 180, "texture": "#1"},
				"down": {"uv": [1, 1, 5, 5], "rotation": 180, "texture": "#1"}
			}
		},
		{
			"from": [1, 4, 1],
			"to": [3, 12, 3],
			"rotation": {"angle": 0, "axis": "y", "origin": [8, 8, 8]},
			"faces": {
				"north": {"uv": [0, 0, 2, 8], "texture": "#2"},
				"east": {"uv": [0, 0, 2, 8], "texture": "#2"},
				"south": {"uv": [0, 0, 2, 8], "texture": "#2"},
				"west": {"uv": [0, 0, 2, 8], "texture": "#2"}
			}
		},
		{
			"from": [13, 4, 1],
			"to": [15, 12, 3],
			"rotation": {"angle": 0, "axis": "y", "origin": [8, 8, 8]},
			"faces": {
				"north": {"uv": [0, 0, 2, 8], "texture": "#2"},
				"east": {"uv": [0, 0, 2, 8], "texture": "#2"},
				"south": {"uv": [0, 0, 2, 8], "texture": "#2"},
				"west": {"uv": [0, 0, 2, 8], "texture": "#2"}
			}
		},
		{
			"from": [4, 1, 1],
			"to": [13, 3, 3],
			"rotation": {"angle": 0, "axis": "y", "origin": [8, 8, 8]},
			"faces": {
				"north": {"uv": [0, 0, 9, 2], "texture": "#2"},
				"south": {"uv": [0, 0, 9, 2], "texture": "#2"},
				"up": {"uv": [0, 0, 9, 2], "rotation": 180, "texture": "#2"},
				"down": {"uv": [0, 0, 9, 2], "rotation": 180, "texture": "#2"}
			}
		},
		{
			"from": [4, 13, 1],
			"to": [13, 15, 3],
			"rotation": {"angle": 0, "axis": "y", "origin": [8, 8, 8]},
			"faces": {
				"north": {"uv": [0, 0, 9, 2], "texture": "#2"},
				"south": {"uv": [0, 0, 9, 2], "texture": "#2"},
				"up": {"uv": [0, 0, 9, 2], "rotation": 180, "texture": "#2"},
				"down": {"uv": [0, 0, 9, 2], "rotation": 180, "texture": "#2"}
			}
		},
		{
			"from": [4, 4, 4],
			"to": [12, 12, 12],
			"faces": {
				"north": {"uv": [0, 0, 16, 16], "texture": "#inside"},
				"east": {"uv": [0, 0, 16, 16], "texture": "#inside"},
				"south": {"uv": [0, 0, 16, 16], "texture": "#inside"},
				"west": {"uv": [0, 0, 16, 16], "texture": "#inside"},
				"up": {"uv": [0, 0, 16, 16], "texture": "#inside"},
				"down": {"uv": [0, 0, 16, 16], "texture": "#inside"}
			}
		}
	]
}