{"providers":[{"type":"bitmap","file":"voidcraft:compass_image_default_compass_n_1.png","ascent":-8409087,"height":11,"chars":["󀀀"]},{"type":"bitmap","file":"voidcraft:compass_image_default_compass_n_2.png","ascent":-8409087,"height":11,"chars":["󀀁"]},{"type":"bitmap","file":"voidcraft:compass_image_default_compass_n_3.png","ascent":-8409087,"height":10,"chars":["󀀂"]},{"type":"bitmap","file":"voidcraft:compass_image_default_compass_n_4.png","ascent":-8409087,"height":10,"chars":["󀀃"]},{"type":"bitmap","file":"voidcraft:compass_image_default_compass_n_5.png","ascent":-8409088,"height":9,"chars":["󀀄"]},{"type":"bitmap","file":"voidcraft:compass_image_default_compass_n_6.png","ascent":-8409088,"height":8,"chars":["󀀅"]},{"type":"bitmap","file":"voidcraft:compass_image_default_compass_n_7.png","ascent":-8409088,"height":8,"chars":["󀀆"]},{"type":"bitmap","file":"voidcraft:compass_image_default_compass_n_8.png","ascent":-8409089,"height":7,"chars":["󀀇"]},{"type":"bitmap","file":"voidcraft:compass_image_default_compass_n_9.png","ascent":-8409089,"height":7,"chars":["󀀈"]},{"type":"bitmap","file":"voidcraft:compass_image_default_compass_n_10.png","ascent":-8409089,"height":6,"chars":["󀀉"]},{"type":"bitmap","file":"voidcraft:compass_image_default_compass_e_1.png","ascent":-8409087,"height":11,"chars":["󀀊"]},{"type":"bitmap","file":"voidcraft:compass_image_default_compass_e_2.png","ascent":-8409087,"height":11,"chars":["󀀋"]},{"type":"bitmap","file":"voidcraft:compass_image_default_compass_e_3.png","ascent":-8409087,"height":10,"chars":["󀀌"]},{"type":"bitmap","file":"voidcraft:compass_image_default_compass_e_4.png","ascent":-8409087,"height":10,"chars":["󀀍"]},{"type":"bitmap","file":"voidcraft:compass_image_default_compass_e_5.png","ascent":-8409088,"height":9,"chars":["󀀎"]},{"type":"bitmap","file":"voidcraft:compass_image_default_compass_e_6.png","ascent":-8409088,"height":8,"chars":["󀀏"]},{"type":"bitmap","file":"voidcraft:compass_image_default_compass_e_7.png","ascent":-8409088,"height":8,"chars":["󀀐"]},{"type":"bitmap","file":"voidcraft:compass_image_default_compass_e_8.png","ascent":-8409089,"height":7,"chars":["󀀑"]},{"type":"bitmap","file":"voidcraft:compass_image_default_compass_e_9.png","ascent":-8409089,"height":7,"chars":["󀀒"]},{"type":"bitmap","file":"voidcraft:compass_image_default_compass_e_10.png","ascent":-8409089,"height":6,"chars":["󀀓"]},{"type":"bitmap","file":"voidcraft:compass_image_default_compass_s_1.png","ascent":-8409087,"height":11,"chars":["󀀔"]},{"type":"bitmap","file":"voidcraft:compass_image_default_compass_s_2.png","ascent":-8409087,"height":11,"chars":["󀀕"]},{"type":"bitmap","file":"voidcraft:compass_image_default_compass_s_3.png","ascent":-8409087,"height":10,"chars":["󀀖"]},{"type":"bitmap","file":"voidcraft:compass_image_default_compass_s_4.png","ascent":-8409087,"height":10,"chars":["󀀗"]},{"type":"bitmap","file":"voidcraft:compass_image_default_compass_s_5.png","ascent":-8409088,"height":9,"chars":["󀀘"]},{"type":"bitmap","file":"voidcraft:compass_image_default_compass_s_6.png","ascent":-8409088,"height":8,"chars":["󀀙"]},{"type":"bitmap","file":"voidcraft:compass_image_default_compass_s_7.png","ascent":-8409088,"height":8,"chars":["󀀚"]},{"type":"bitmap","file":"voidcraft:compass_image_default_compass_s_8.png","ascent":-8409089,"height":7,"chars":["󀀛"]},{"type":"bitmap","file":"voidcraft:compass_image_default_compass_s_9.png","ascent":-8409089,"height":7,"chars":["󀀜"]},{"type":"bitmap","file":"voidcraft:compass_image_default_compass_s_10.png","ascent":-8409089,"height":6,"chars":["󀀝"]},{"type":"bitmap","file":"voidcraft:compass_image_default_compass_w_1.png","ascent":-8409087,"height":9,"chars":["󀀞"]},{"type":"bitmap","file":"voidcraft:compass_image_default_compass_w_2.png","ascent":-8409087,"height":9,"chars":["󀀟"]},{"type":"bitmap","file":"voidcraft:compass_image_default_compass_w_3.png","ascent":-8409087,"height":8,"chars":["󀀠"]},{"type":"bitmap","file":"voidcraft:compass_image_default_compass_w_4.png","ascent":-8409087,"height":8,"chars":["󀀡"]},{"type":"bitmap","file":"voidcraft:compass_image_default_compass_w_5.png","ascent":-8409088,"height":7,"chars":["󀀢"]},{"type":"bitmap","file":"voidcraft:compass_image_default_compass_w_6.png","ascent":-8409088,"height":7,"chars":["󀀣"]},{"type":"bitmap","file":"voidcraft:compass_image_default_compass_w_7.png","ascent":-8409088,"height":6,"chars":["󀀤"]},{"type":"bitmap","file":"voidcraft:compass_image_default_compass_w_8.png","ascent":-8409088,"height":6,"chars":["󀀥"]},{"type":"bitmap","file":"voidcraft:compass_image_default_compass_w_9.png","ascent":-8409089,"height":5,"chars":["󀀦"]},{"type":"bitmap","file":"voidcraft:compass_image_default_compass_w_10.png","ascent":-8409089,"height":5,"chars":["󀀧"]},{"type":"bitmap","file":"voidcraft:compass_image_default_compass_nw_1.png","ascent":-8409089,"height":6,"chars":["󀀨"]},{"type":"bitmap","file":"voidcraft:compass_image_default_compass_nw_2.png","ascent":-8409089,"height":6,"chars":["󀀩"]},{"type":"bitmap","file":"voidcraft:compass_image_default_compass_nw_3.png","ascent":-8409089,"height":5,"chars":["󀀪"]},{"type":"bitmap","file":"voidcraft:compass_image_default_compass_nw_4.png","ascent":-8409089,"height":5,"chars":["󀀫"]},{"type":"bitmap","file":"voidcraft:compass_image_default_compass_nw_5.png","ascent":-8409089,"height":5,"chars":["󀀬"]},{"type":"bitmap","file":"voidcraft:compass_image_default_compass_nw_6.png","ascent":-8409089,"height":5,"chars":["󀀭"]},{"type":"bitmap","file":"voidcraft:compass_image_default_compass_nw_7.png","ascent":-8409090,"height":4,"chars":["󀀮"]},{"type":"bitmap","file":"voidcraft:compass_image_default_compass_nw_8.png","ascent":-8409090,"height":4,"chars":["󀀯"]},{"type":"bitmap","file":"voidcraft:compass_image_default_compass_nw_9.png","ascent":-8409090,"height":4,"chars":["󀀰"]},{"type":"bitmap","file":"voidcraft:compass_image_default_compass_nw_10.png","ascent":-8409090,"height":3,"chars":["󀀱"]},{"type":"bitmap","file":"voidcraft:compass_image_default_compass_ne_1.png","ascent":-8409089,"height":6,"chars":["󀀲"]},{"type":"bitmap","file":"voidcraft:compass_image_default_compass_ne_2.png","ascent":-8409089,"height":6,"chars":["󀀳"]},{"type":"bitmap","file":"voidcraft:compass_image_default_compass_ne_3.png","ascent":-8409089,"height":5,"chars":["󀀴"]},{"type":"bitmap","file":"voidcraft:compass_image_default_compass_ne_4.png","ascent":-8409089,"height":5,"chars":["󀀵"]},{"type":"bitmap","file":"voidcraft:compass_image_default_compass_ne_5.png","ascent":-8409089,"height":5,"chars":["󀀶"]},{"type":"bitmap","file":"voidcraft:compass_image_default_compass_ne_6.png","ascent":-8409089,"height":5,"chars":["󀀷"]},{"type":"bitmap","file":"voidcraft:compass_image_default_compass_ne_7.png","ascent":-8409090,"height":4,"chars":["󀀸"]},{"type":"bitmap","file":"voidcraft:compass_image_default_compass_ne_8.png","ascent":-8409090,"height":4,"chars":["󀀹"]},{"type":"bitmap","file":"voidcraft:compass_image_default_compass_ne_9.png","ascent":-8409090,"height":4,"chars":["󀀺"]},{"type":"bitmap","file":"voidcraft:compass_image_default_compass_ne_10.png","ascent":-8409090,"height":3,"chars":["󀀻"]},{"type":"bitmap","file":"voidcraft:compass_image_default_compass_sw_1.png","ascent":-8409089,"height":6,"chars":["󀀼"]},{"type":"bitmap","file":"voidcraft:compass_image_default_compass_sw_2.png","ascent":-8409089,"height":6,"chars":["󀀽"]},{"type":"bitmap","file":"voidcraft:compass_image_default_compass_sw_3.png","ascent":-8409089,"height":5,"chars":["󀀾"]},{"type":"bitmap","file":"voidcraft:compass_image_default_compass_sw_4.png","ascent":-8409089,"height":5,"chars":["󀀿"]},{"type":"bitmap","file":"voidcraft:compass_image_default_compass_sw_5.png","ascent":-8409089,"height":5,"chars":["󀁀"]},{"type":"bitmap","file":"voidcraft:compass_image_default_compass_sw_6.png","ascent":-8409089,"height":5,"chars":["󀁁"]},{"type":"bitmap","file":"voidcraft:compass_image_default_compass_sw_7.png","ascent":-8409090,"height":4,"chars":["󀁂"]},{"type":"bitmap","file":"voidcraft:compass_image_default_compass_sw_8.png","ascent":-8409090,"height":4,"chars":["󀁃"]},{"type":"bitmap","file":"voidcraft:compass_image_default_compass_sw_9.png","ascent":-8409090,"height":4,"chars":["󀁄"]},{"type":"bitmap","file":"voidcraft:compass_image_default_compass_sw_10.png","ascent":-8409090,"height":3,"chars":["󀁅"]},{"type":"bitmap","file":"voidcraft:compass_image_default_compass_se_1.png","ascent":-8409089,"height":6,"chars":["󀁆"]},{"type":"bitmap","file":"voidcraft:compass_image_default_compass_se_2.png","ascent":-8409089,"height":6,"chars":["󀁇"]},{"type":"bitmap","file":"voidcraft:compass_image_default_compass_se_3.png","ascent":-8409089,"height":5,"chars":["󀁈"]},{"type":"bitmap","file":"voidcraft:compass_image_default_compass_se_4.png","ascent":-8409089,"height":5,"chars":["󀁉"]},{"type":"bitmap","file":"voidcraft:compass_image_default_compass_se_5.png","ascent":-8409089,"height":5,"chars":["󀁊"]},{"type":"bitmap","file":"voidcraft:compass_image_default_compass_se_6.png","ascent":-8409089,"height":5,"chars":["󀁋"]},{"type":"bitmap","file":"voidcraft:compass_image_default_compass_se_7.png","ascent":-8409090,"height":4,"chars":["󀁌"]},{"type":"bitmap","file":"voidcraft:compass_image_default_compass_se_8.png","ascent":-8409090,"height":4,"chars":["󀁍"]},{"type":"bitmap","file":"voidcraft:compass_image_default_compass_se_9.png","ascent":-8409090,"height":4,"chars":["󀁎"]},{"type":"bitmap","file":"voidcraft:compass_image_default_compass_se_10.png","ascent":-8409090,"height":3,"chars":["󀁏"]},{"type":"bitmap","file":"voidcraft:compass_image_default_compass_chain_1.png","ascent":-8409087,"height":11,"chars":["󀁐"]},{"type":"bitmap","file":"voidcraft:compass_image_default_compass_chain_2.png","ascent":-8409087,"height":10,"chars":["󀁑"]},{"type":"bitmap","file":"voidcraft:compass_image_default_compass_chain_3.png","ascent":-8409088,"height":9,"chars":["󀁒"]},{"type":"bitmap","file":"voidcraft:compass_image_default_compass_chain_4.png","ascent":-8409088,"height":9,"chars":["󀁓"]},{"type":"bitmap","file":"voidcraft:compass_image_default_compass_chain_5.png","ascent":-8409088,"height":8,"chars":["󀁔"]},{"type":"bitmap","file":"voidcraft:compass_image_default_compass_chain_6.png","ascent":-8409088,"height":8,"chars":["󀁕"]},{"type":"bitmap","file":"voidcraft:compass_image_default_compass_chain_7.png","ascent":-8409089,"height":7,"chars":["󀁖"]},{"type":"bitmap","file":"voidcraft:compass_image_default_compass_chain_8.png","ascent":-8409089,"height":7,"chars":["󀁗"]},{"type":"bitmap","file":"voidcraft:compass_image_default_compass_chain_9.png","ascent":-8409089,"height":6,"chars":["󀁘"]},{"type":"bitmap","file":"voidcraft:compass_image_default_compass_chain_10.png","ascent":-8409089,"height":6,"chars":["󀁙"]},{"type":"bitmap","file":"voidcraft:compass_image_default_compass_point_1.png","ascent":-8409079,"height":11,"chars":["󀁚"]},{"type":"bitmap","file":"voidcraft:compass_image_default_compass_point_2.png","ascent":-8409079,"height":10,"chars":["󀁛"]},{"type":"bitmap","file":"voidcraft:compass_image_default_compass_point_3.png","ascent":-8409080,"height":9,"chars":["󀁜"]},{"type":"bitmap","file":"voidcraft:compass_image_default_compass_point_4.png","ascent":-8409080,"height":9,"chars":["󀁝"]},{"type":"bitmap","file":"voidcraft:compass_image_default_compass_point_5.png","ascent":-8409080,"height":8,"chars":["󀁞"]},{"type":"bitmap","file":"voidcraft:compass_image_default_compass_point_6.png","ascent":-8409080,"height":8,"chars":["󀁟"]},{"type":"bitmap","file":"voidcraft:compass_image_default_compass_point_7.png","ascent":-8409081,"height":7,"chars":["󀁠"]},{"type":"bitmap","file":"voidcraft:compass_image_default_compass_point_8.png","ascent":-8409081,"height":7,"chars":["󀁡"]},{"type":"bitmap","file":"voidcraft:compass_image_default_compass_point_9.png","ascent":-8409081,"height":6,"chars":["󀁢"]},{"type":"bitmap","file":"voidcraft:compass_image_default_compass_point_10.png","ascent":-8409081,"height":6,"chars":["󀁣"]}]}