{"parent":"nova:block/base","textures":{"0":"nova:block/water_still"},"elements":[{"from":[8.25,1.0,1.0],"to":[15.0,6.6000000000000005,15.0],"faces":{"north":{"uv":[1.0,9.399999999999999,7.75,15.0],"texture":"#0"},"east":{"uv":[1.0,9.399999999999999,15.0,15.0],"texture":"#0"},"south":{"uv":[8.25,9.399999999999999,15.0,15.0],"texture":"#0"},"west":{"uv":[1.0,9.399999999999999,15.0,15.0],"texture":"#0"},"up":{"uv":[8.25,1.0,15.0,15.0],"texture":"#0"},"down":{"uv":[1.0,1.0,7.75,15.0],"texture":"#0"}}}]}