{
	"parent": "nova:block/base",
	"textures": {
		"1": "machines:block/wind_turbine",
		"2": "machines:block/solar_panel_stand"
	},
	"elements": [
		{
			"from": [5.5, 1, 5.5],
			"to": [10.5, 16, 10.5],
			"rotation": {"angle": 0, "axis": "z", "origin": [8, 16, 8]},
			"faces": {
				"north": {"uv": [2.5, 0, 5, 8], "texture": "#1"},
				"east": {"uv": [0, 0, 2.5, 8], "texture": "#1"},
				"south": {"uv": [0, 0, 2.5, 8], "texture": "#1"},
				"west": {"uv": [0, 0, 2.5, 8], "texture": "#1"}
			}
		},
		{
			"from": [4.5, 0, 4.5],
			"to": [11.5, 1, 11.5],
			"faces": {
				"north": {"uv": [0, 0, 16, 3], "texture": "#2"},
				"east": {"uv": [0, 0, 16, 3], "texture": "#2"},
				"south": {"uv": [0, 0, 16, 3], "texture": "#2"},
				"west": {"uv": [0, 0, 16, 3], "texture": "#2"},
				"up": {"uv": [0, 0, 16, 16], "texture": "#2"},
				"down": {"uv": [0, 0, 16, 16], "texture": "#2"}
			}
		},
		{
			"from": [11, 16.5, 5.5],
			"to": [11.5, 21.5, 13.25],
			"rotation": {"angle": 0, "axis": "y", "origin": [8, 8, 8]},
			"faces": {
				"north": {"uv": [0, 8, 0.25, 10.75], "texture": "#1"},
				"east": {"uv": [0.25, 8.25, 3.5, 10.5], "texture": "#1"},
				"south": {"uv": [0, 8, 0.25, 10.75], "texture": "#1"},
				"up": {"uv": [0, 8, 3.75, 8.25], "rotation": 270, "texture": "#1"},
				"down": {"uv": [0, 8, 3.75, 8.25], "rotation": 270, "texture": "#1"}
			}
		},
		{
			"from": [4.5, 16.5, 5.5],
			"to": [5, 21.25, 13.5],
			"rotation": {"angle": 0, "axis": "y", "origin": [8, 8, 8]},
			"faces": {
				"north": {"uv": [0, 8, 0.25, 10.75], "texture": "#1"},
				"south": {"uv": [0, 8, 0.25, 10.75], "texture": "#1"},
				"west": {"uv": [0.25, 8.25, 3.5, 10.5], "rotation": 180, "texture": "#1"},
				"up": {"uv": [0, 8, 3.75, 8.25], "rotation": 270, "texture": "#1"},
				"down": {"uv": [0, 8, 3.75, 8.25], "rotation": 270, "texture": "#1"}
			}
		},
		{
			"from": [5, 16, 5],
			"to": [11, 22, 14],
			"rotation": {"angle": 0, "axis": "y", "origin": [8, 8, 8]},
			"faces": {
				"north": {"uv": [0, 10.75, 3, 13.5], "rotation": 180, "texture": "#1"},
				"east": {"uv": [0, 8, 3.75, 10.75], "texture": "#1"},
				"south": {"uv": [0, 10.75, 3, 13.5], "texture": "#1"},
				"west": {"uv": [0, 8, 3.75, 10.75], "texture": "#1"},
				"up": {"uv": [3.75, 8, 7.5, 11], "rotation": 270, "texture": "#1"},
				"down": {"uv": [3.75, 8, 7.5, 11], "rotation": 270, "texture": "#1"}
			}
		},
		{
			"from": [5.5, 22, 5.75],
			"to": [10.5, 22.5, 13.5],
			"rotation": {"angle": 0, "axis": "y", "origin": [8, 8, 8]},
			"faces": {
				"north": {"uv": [4, 10.5, 7.25, 11], "texture": "#1"},
				"east": {"uv": [3.75, 8.25, 4.25, 10.75], "rotation": 90, "texture": "#1"},
				"south": {"uv": [4, 10.5, 7.25, 11], "texture": "#1"},
				"west": {"uv": [3.75, 8.25, 4.25, 10.75], "rotation": 90, "texture": "#1"},
				"up": {"uv": [4, 8.25, 7.25, 10.75], "rotation": 270, "texture": "#1"}
			}
		},
		{
			"from": [6, 17, 4.25],
			"to": [10, 21, 7],
			"rotation": {"angle": 0, "axis": "x", "origin": [8, 0, 8]},
			"faces": {
				"north": {"uv": [13.5, 0, 15, 1.5], "rotation": 180, "texture": "#1"},
				"east": {"uv": [13.5, 0, 15, 0.75], "rotation": 90, "texture": "#1"},
				"west": {"uv": [13.5, 0, 15, 0.75], "rotation": 270, "texture": "#1"},
				"up": {"uv": [13.5, 0, 15, 0.75], "texture": "#1"},
				"down": {"uv": [13.5, 0, 15, 0.75], "rotation": 180, "texture": "#1"}
			}
		},
		{
			"from": [7, 18, 3.75],
			"to": [9, 20, 4.25],
			"rotation": {"angle": 0, "axis": "x", "origin": [8, 0, 8]},
			"faces": {
				"north": {"uv": [13.75, 0.25, 14.75, 1.25], "rotation": 180, "texture": "#1"},
				"east": {"uv": [13.75, 0, 14.75, 0.5], "rotation": 90, "texture": "#1"},
				"west": {"uv": [13.75, 0, 14.75, 0.5], "rotation": 270, "texture": "#1"},
				"up": {"uv": [13.75, 0, 14.75, 0.5], "texture": "#1"},
				"down": {"uv": [13.75, 0, 14.75, 0.5], "rotation": 180, "texture": "#1"}
			}
		},
		{
			"from": [7.3, 18, 3.8],
			"to": [8.8, 30, 4],
			"rotation": {"angle": 0, "axis": "x", "origin": [8, 19, 4]},
			"faces": {
				"north": {"uv": [15, 0, 16, 5.75], "rotation": 180, "texture": "#1"},
				"east": {"uv": [15, 0, 15.25, 5.75], "rotation": 180, "texture": "#1"},
				"south": {"uv": [15, 0, 16, 5.75], "rotation": 180, "texture": "#1"},
				"west": {"uv": [15, 0, 15.25, 5.75], "rotation": 180, "texture": "#1"},
				"up": {"uv": [15, 5.25, 15.25, 5.75], "rotation": 270, "texture": "#1"}
			}
		},
		{
			"from": [7, 18.2, 3.8],
			"to": [19, 19.7, 4],
			"rotation": {"angle": -22.5, "axis": "z", "origin": [8, 19, 4]},
			"faces": {
				"north": {"uv": [15, 0, 16, 5.75], "rotation": 90, "texture": "#1"},
				"east": {"uv": [15, 5.25, 15.25, 5.75], "texture": "#1"},
				"south": {"uv": [15, 0, 16, 5.75], "rotation": 270, "texture": "#1"},
				"up": {"uv": [15, 0, 15.25, 5.75], "rotation": 270, "texture": "#1"},
				"down": {"uv": [15, 0, 15.25, 5.75], "rotation": 270, "texture": "#1"}
			}
		},
		{
			"from": [-3, 18.3, 3.8],
			"to": [9, 19.8, 4],
			"rotation": {"angle": 22.5, "axis": "z", "origin": [8, 19, 4]},
			"faces": {
				"north": {"uv": [15, 0, 16, 5.75], "rotation": 270, "texture": "#1"},
				"south": {"uv": [15, 0, 16, 5.75], "rotation": 90, "texture": "#1"},
				"west": {"uv": [15, 5.25, 15.25, 5.75], "rotation": 180, "texture": "#1"},
				"up": {"uv": [15, 0, 15.25, 5.75], "rotation": 90, "texture": "#1"},
				"down": {"uv": [15, 0, 15.25, 5.75], "rotation": 90, "texture": "#1"}
			}
		}
	],
	"display": {
		"ground": {
			"translation": [0, 1.75, 0],
			"scale": [0.5, 0.5, 0.5]
		},
		"gui": {
			"rotation": [30, -135, 0],
			"translation": [0, -1.75, 0],
			"scale": [0.48, 0.48, 0.48]
		},
		"head": {
			"translation": [0, 15.5, 0],
			"scale": [1.8, 1.8, 1.8]
		},
		"fixed": {
			"translation": [0, -2.5, 0],
			"scale": [0.5, 0.5, 0.5]
		}
	}
}