{
	"credit": "Made with Blockbench",
	"textures": {
		"0": "./horns",
		"particle": "./horns"
	},
	"elements": [
		{
			"name": "1",
			"from": [4, 5, 1],
			"to": [8, 9, 8],
			"rotation": {"angle": -22.5, "axis": "y", "origin": [0, 0, 0]},
			"faces": {
				"north": {"uv": [2.5, 0, 3.5, 1.5], "texture": "#0"},
				"east": {"uv": [6.5, 3.5, 11, 5], "texture": "#0"},
				"south": {"uv": [0, 0, 0.5, 1.5], "texture": "#0"},
				"west": {"uv": [5.5, 0, 10, 1.5], "texture": "#0"},
				"up": {"uv": [4, 7, 8, 11.5], "texture": "#0"},
				"down": {"uv": [1, 0, 2.5, 4.5], "texture": "#0"}
			}
		},
		{
			"name": "1.1",
			"from": [5, 9, 2],
			"to": [7, 10, 7],
			"rotation": {"angle": -22.5, "axis": "y", "origin": [0, 0, 0]},
			"faces": {
				"north": {"uv": [0, 0, 0.5, 1], "texture": "#0"},
				"east": {"uv": [6, 6, 9.5, 7], "texture": "#0"},
				"south": {"uv": [0, 0, 1, 1], "texture": "#0"},
				"west": {"uv": [5.5, 0, 9, 1], "texture": "#0"},
				"up": {"uv": [5.5, 7.5, 6.5, 11], "texture": "#0"},
				"down": {"uv": [0, 0, 2, 5], "texture": "#0"}
			}
		},
		{
			"name": "2",
			"from": [0, -1, 9],
			"to": [4, 3, 12],
			"rotation": {"angle": -22.5, "axis": "x", "origin": [9, 0, 0]},
			"faces": {
				"north": {"uv": [1, 0, 2.5, 3], "texture": "#0"},
				"east": {"uv": [2, 0, 3.5, 3], "texture": "#0"},
				"south": {"uv": [4.5, 7, 7.5, 10], "texture": "#0"},
				"west": {"uv": [2, 0, 3.5, 3], "texture": "#0"},
				"up": {"uv": [4.5, 7.5, 7.5, 11], "texture": "#0"},
				"down": {"uv": [0, 0, 3, 3], "texture": "#0"}
			}
		},
		{
			"name": "3",
			"from": [1, 4, 7],
			"to": [4, 8, 9],
			"rotation": {"angle": 22.5, "axis": "x", "origin": [0, 0, 0]},
			"faces": {
				"north": {"uv": [1, 0, 2.5, 3], "texture": "#0"},
				"east": {"uv": [2, 0, 3.5, 3], "texture": "#0"},
				"south": {"uv": [4.5, 8.5, 7.5, 11.5], "texture": "#0"},
				"west": {"uv": [2, 0, 3.5, 3], "texture": "#0"},
				"up": {"uv": [0, 0, 3, 2], "texture": "#0"},
				"down": {"uv": [3.5, 8, 5, 10], "texture": "#0"}
			}
		},
		{
			"name": "4",
			"from": [2, -3, 5],
			"to": [4, -2, 9],
			"rotation": {"angle": -22.5, "axis": "x", "origin": [0, 0, 0]},
			"faces": {
				"north": {"uv": [10, 10, 12, 11], "texture": "#0"},
				"east": {"uv": [3.5, 1, 7.5, 2.5], "texture": "#0"},
				"south": {"uv": [0, 0, 2, 1], "texture": "#0"},
				"west": {"uv": [5.5, 0, 9.5, 1.5], "texture": "#0"},
				"up": {"uv": [4.5, 7.5, 7.5, 11.5], "texture": "#0"},
				"down": {"uv": [0.5, 0, 3, 4], "texture": "#0"}
			}
		},
		{
			"name": "5",
			"from": [1, 2, 3],
			"to": [3, 3, 6],
			"rotation": {"angle": 22.5, "axis": "x", "origin": [0, 0, 0]},
			"faces": {
				"north": {"uv": [10, 8.5, 12, 9.5], "texture": "#0"},
				"east": {"uv": [4.5, 3.5, 7, 4.5], "texture": "#0"},
				"south": {"uv": [0, 0, 2, 1], "texture": "#0"},
				"west": {"uv": [5, 0, 7.5, 1], "texture": "#0"},
				"up": {"uv": [4.5, 7, 7.5, 9.5], "texture": "#0"},
				"down": {"uv": [1, 1.5, 2.5, 5], "texture": "#0"}
			}
		},
		{
			"name": "6",
			"from": [0, -1, 4],
			"to": [1, 1, 5],
			"rotation": {"angle": -22.5, "axis": "x", "origin": [0, 0, 0]},
			"faces": {
				"north": {"uv": [11, 10.5, 12, 12.5], "rotation": 180, "texture": "#0"},
				"east": {"uv": [6, 0, 8, 1], "rotation": 270, "texture": "#0"},
				"south": {"uv": [0, 0.5, 1, 2.5], "texture": "#0"},
				"west": {"uv": [5.5, 0, 7.5, 1], "rotation": 90, "texture": "#0"},
				"up": {"uv": [0, 0, 1, 1], "rotation": 180, "texture": "#0"},
				"down": {"uv": [13.5, 1.5, 14.5, 2.5], "texture": "#0"}
			}
		},
		{
			"name": "2",
			"from": [8, 5, 1],
			"to": [12, 9, 8],
			"rotation": {"angle": 22.5, "axis": "y", "origin": [16, 0, 0]},
			"faces": {
				"north": {"uv": [2.5, 0, 3.5, 1.5], "texture": "#0"},
				"east": {"uv": [6.5, 3.5, 11, 5], "texture": "#0"},
				"south": {"uv": [0, 0, 0.5, 1.5], "texture": "#0"},
				"west": {"uv": [5.5, 0, 10, 1.5], "texture": "#0"},
				"up": {"uv": [4, 7, 8, 11.5], "texture": "#0"},
				"down": {"uv": [1, 0, 2.5, 4.5], "texture": "#0"}
			}
		},
		{
			"name": "2.2",
			"from": [9, 9, 2],
			"to": [11, 10, 7],
			"rotation": {"angle": 22.5, "axis": "y", "origin": [16, 0, 0]},
			"faces": {
				"north": {"uv": [0, 0, 0.5, 1], "texture": "#0"},
				"east": {"uv": [6, 6, 9.5, 7], "texture": "#0"},
				"south": {"uv": [0, 0, 1, 1], "texture": "#0"},
				"west": {"uv": [5.5, 0, 9, 1], "texture": "#0"},
				"up": {"uv": [5.5, 7.5, 6.5, 11], "texture": "#0"},
				"down": {"uv": [0, 0, 2, 5], "texture": "#0"}
			}
		},
		{
			"name": "3",
			"from": [12, -1, 9],
			"to": [16, 3, 12],
			"rotation": {"angle": -22.5, "axis": "x", "origin": [9, 0, 0]},
			"faces": {
				"north": {"uv": [1, 0, 2.5, 3], "texture": "#0"},
				"east": {"uv": [2, 0, 3.5, 3], "texture": "#0"},
				"south": {"uv": [4.5, 7, 7.5, 10], "texture": "#0"},
				"west": {"uv": [2, 0, 3.5, 3], "texture": "#0"},
				"up": {"uv": [4.5, 7.5, 7.5, 11], "texture": "#0"},
				"down": {"uv": [0, 0, 3, 3], "texture": "#0"}
			}
		},
		{
			"name": "4",
			"from": [12, 4, 7],
			"to": [15, 8, 9],
			"rotation": {"angle": 22.5, "axis": "x", "origin": [0, 0, 0]},
			"faces": {
				"north": {"uv": [1, 0, 2.5, 3], "texture": "#0"},
				"east": {"uv": [2, 0, 3.5, 3], "texture": "#0"},
				"south": {"uv": [4.5, 8.5, 7.5, 11.5], "texture": "#0"},
				"west": {"uv": [2, 0, 3.5, 3], "texture": "#0"},
				"up": {"uv": [0, 0, 3, 2], "texture": "#0"},
				"down": {"uv": [3.5, 8, 5, 10], "texture": "#0"}
			}
		},
		{
			"name": "5",
			"from": [12, -3, 5],
			"to": [14, -2, 9],
			"rotation": {"angle": -22.5, "axis": "x", "origin": [0, 0, 0]},
			"faces": {
				"north": {"uv": [10, 10, 12, 11], "texture": "#0"},
				"east": {"uv": [3.5, 1, 7.5, 2.5], "texture": "#0"},
				"south": {"uv": [0, 0, 2, 1], "texture": "#0"},
				"west": {"uv": [5.5, 0, 9.5, 1.5], "texture": "#0"},
				"up": {"uv": [4.5, 7.5, 7.5, 11.5], "texture": "#0"},
				"down": {"uv": [0.5, 0, 3, 4], "texture": "#0"}
			}
		},
		{
			"name": "6",
			"from": [13, 2, 3],
			"to": [15, 3, 6],
			"rotation": {"angle": 22.5, "axis": "x", "origin": [0, 0, 0]},
			"faces": {
				"north": {"uv": [10, 8.5, 12, 9.5], "texture": "#0"},
				"east": {"uv": [4.5, 3.5, 7, 4.5], "texture": "#0"},
				"south": {"uv": [0, 0, 2, 1], "texture": "#0"},
				"west": {"uv": [5, 0, 7.5, 1], "texture": "#0"},
				"up": {"uv": [4.5, 7, 7.5, 9.5], "texture": "#0"},
				"down": {"uv": [1, 1.5, 2.5, 5], "texture": "#0"}
			}
		},
		{
			"name": "7",
			"from": [15, -1, 4],
			"to": [16, 1, 5],
			"rotation": {"angle": -22.5, "axis": "x", "origin": [0, 0, 0]},
			"faces": {
				"north": {"uv": [11, 10.5, 12, 12.5], "rotation": 180, "texture": "#0"},
				"east": {"uv": [6, 0, 8, 1], "rotation": 270, "texture": "#0"},
				"south": {"uv": [0, 0.5, 1, 2.5], "texture": "#0"},
				"west": {"uv": [5.5, 0, 7.5, 1], "rotation": 90, "texture": "#0"},
				"up": {"uv": [0, 0, 1, 1], "rotation": 180, "texture": "#0"},
				"down": {"uv": [13.5, 1.5, 14.5, 2.5], "texture": "#0"}
			}
		}
	],
	"display": {
		"thirdperson_righthand": {
			"rotation": [94, 0, 0],
			"translation": [0, -3, 1],
			"scale": [0.69, 0.69, 0.69]
		},
		"thirdperson_lefthand": {
			"rotation": [94, 0, 0],
			"translation": [0, -3, 1],
			"scale": [0.69, 0.69, 0.69]
		},
		"firstperson_righthand": {
			"rotation": [-43, 0, 0],
			"translation": [0, 3.75, 0]
		},
		"firstperson_lefthand": {
			"rotation": [-43, 0, 0],
			"translation": [0, 3.75, 0]
		},
		"ground": {
			"translation": [0, 5, 0]
		},
		"gui": {
			"rotation": [23, 143, 0],
			"translation": [0.25, 1.75, 0],
			"scale": [0.9, 0.9, 0.9]
		},
		"head": {
			"translation": [0, 6.25, 4],
			"scale": [1.5, 1.5, 1.5]
		},
		"fixed": {
			"rotation": [155, 0, 0],
			"translation": [0.75, -2.75, -4.5],
			"scale": [1.5, 1.5, 1.5]
		}
	},
	"groups": [
		{
			"name": "right horn",
			"origin": [0, 0, 0],
			"children": [0, 1, 2, 3, 4, 5, 6]
		},
		{
			"name": "left horn",
			"origin": [0, 0, 0],
			"children": [7, 8, 9, 10, 11, 12, 13]
		}
	]
}