{
	"parent": "nova:block/base",
	"textures": {
		"0": "machines:block/cobblestone_generator_front",
		"3": "machines:block/machine_top",
		"4": "machines:block/machine_side",
		"5": "block/glass"
	},
	"elements": [
		{
			"from": [7.75, 1, 1],
			"to": [8.25, 15, 15],
			"faces": {
				"north": {"uv": [8, 1, 8.5, 15], "texture": "#4"},
				"east": {"uv": [1, 1, 15, 15], "texture": "#4"},
				"west": {"uv": [2, 1, 15, 15], "texture": "#4"}
			}
		},
		{
			"from": [0, 1, 0],
			"to": [16, 2, 1],
			"faces": {
				"north": {"uv": [0, 14, 16, 15], "texture": "#0"},
				"east": {"uv": [0, 14, 1, 16], "texture": "#0"},
				"south": {"uv": [0, 14, 16, 15], "texture": "#0"},
				"west": {"uv": [15, 14, 16, 16], "texture": "#0"},
				"up": {"uv": [0, 14, 16, 15], "texture": "#0"},
				"down": {"uv": [0, 15, 16, 16], "texture": "#0"}
			}
		},
		{
			"from": [0, 13, 0],
			"to": [3, 15, 1],
			"faces": {
				"north": {"uv": [13, 1, 16, 3], "texture": "#0"},
				"east": {"uv": [13, 1, 14, 3], "texture": "#0"},
				"south": {"uv": [13, 1, 16, 3], "rotation": 180, "texture": "#0"},
				"west": {"uv": [15, 1, 16, 3], "texture": "#0"},
				"down": {"uv": [13, 2, 16, 3], "texture": "#0"}
			}
		},
		{
			"from": [13, 13, 0],
			"to": [16, 15, 1],
			"faces": {
				"north": {"uv": [0, 1, 3, 3], "texture": "#0"},
				"east": {"uv": [0, 1, 1, 3], "texture": "#0"},
				"south": {"uv": [0, 1, 3, 3], "texture": "#0"},
				"west": {"uv": [2, 1, 3, 3], "texture": "#0"},
				"down": {"uv": [0, 2, 3, 3], "texture": "#0"}
			}
		},
		{
			"from": [0, 2, 0],
			"to": [3, 5, 1],
			"faces": {
				"north": {"uv": [13, 11, 16, 14], "texture": "#0"},
				"east": {"uv": [13, 11, 14, 14], "texture": "#0"},
				"south": {"uv": [0, 11, 3, 14], "texture": "#0"},
				"west": {"uv": [15, 11, 16, 14], "texture": "#0"},
				"up": {"uv": [13, 11, 16, 12], "texture": "#0"}
			}
		},
		{
			"from": [13, 2, 0],
			"to": [16, 5, 1],
			"faces": {
				"north": {"uv": [0, 12, 3, 15], "texture": "#0"},
				"east": {"uv": [0, 12, 1, 15], "texture": "#0"},
				"south": {"uv": [0, 12, 3, 15], "rotation": 180, "texture": "#0"},
				"west": {"uv": [2, 12, 3, 15], "texture": "#0"},
				"up": {"uv": [0, 12, 3, 13], "texture": "#0"}
			}
		},
		{
			"from": [0, 5, 0],
			"to": [2, 13, 1],
			"faces": {
				"north": {"uv": [14, 3, 16, 11], "texture": "#0"},
				"east": {"uv": [14, 3, 15, 11], "texture": "#0"},
				"south": {"uv": [14, 3, 16, 11], "rotation": 180, "texture": "#0"},
				"west": {"uv": [15, 3, 16, 11], "texture": "#0"}
			}
		},
		{
			"from": [14, 5, 0],
			"to": [16, 13, 1],
			"faces": {
				"north": {"uv": [0, 3, 2, 11], "texture": "#0"},
				"east": {"uv": [0, 3, 1, 11], "texture": "#0"},
				"south": {"uv": [0, 3, 2, 11], "rotation": 180, "texture": "#0"},
				"west": {"uv": [1, 3, 2, 11], "texture": "#0"}
			}
		},
		{
			"from": [3, 14, 0],
			"to": [13, 15, 1],
			"faces": {
				"north": {"uv": [3, 1, 13, 2], "texture": "#0"},
				"south": {"uv": [3, 1, 13, 2], "texture": "#0"},
				"down": {"uv": [3, 1, 13, 2], "texture": "#0"}
			}
		},
		{
			"from": [5, 13, 0],
			"to": [11, 14, 1],
			"faces": {
				"north": {"uv": [5, 2, 11, 3], "texture": "#0"},
				"east": {"uv": [5, 2, 6, 3], "texture": "#0"},
				"south": {"uv": [5, 2, 11, 3], "texture": "#0"},
				"west": {"uv": [10, 2, 11, 3], "texture": "#0"},
				"down": {"uv": [5, 2, 11, 3], "texture": "#0"}
			}
		},
		{
			"from": [5, 4, 0],
			"to": [11, 5, 1],
			"faces": {
				"north": {"uv": [5, 11, 11, 12], "texture": "#0"},
				"east": {"uv": [10, 11, 11, 12], "texture": "#0"},
				"south": {"uv": [5, 11, 11, 12], "texture": "#0"},
				"west": {"uv": [10, 11, 11, 12], "texture": "#0"},
				"up": {"uv": [5, 11, 11, 12], "texture": "#0"},
				"down": {"uv": [5, 11, 11, 12], "texture": "#0"}
			}
		},
		{
			"from": [6, 5, 0],
			"to": [10, 13, 1],
			"faces": {
				"north": {"uv": [6, 3, 10, 11], "texture": "#0"},
				"east": {"uv": [6, 3, 7, 11], "texture": "#0"},
				"south": {"uv": [6, 3, 10, 11], "texture": "#0"},
				"west": {"uv": [9, 3, 10, 11], "texture": "#0"}
			}
		},
		{
			"from": [0, 1, 15],
			"to": [16, 15, 16],
			"faces": {
				"north": {"uv": [0, 1, 16, 15], "texture": "#4"},
				"east": {"uv": [0, 1, 1, 15], "texture": "#4"},
				"south": {"uv": [0, 1, 16, 15], "texture": "#4"},
				"west": {"uv": [15, 1, 16, 15], "texture": "#4"}
			}
		},
		{
			"from": [0, 15, 0],
			"to": [16, 16, 16],
			"faces": {
				"north": {"uv": [0, 15, 16, 16], "texture": "#3"},
				"east": {"uv": [0, 0, 1, 16], "rotation": 90, "texture": "#3"},
				"south": {"uv": [0, 0, 16, 1], "texture": "#3"},
				"west": {"uv": [15, 0, 16, 16], "rotation": 90, "texture": "#3"},
				"up": {"uv": [0, 0, 16, 16], "texture": "#3"},
				"down": {"uv": [0, 0, 16, 16], "texture": "#3"}
			}
		},
		{
			"from": [0, 0, 0],
			"to": [16, 1, 16],
			"faces": {
				"north": {"uv": [0, 15, 16, 16], "texture": "#3"},
				"east": {"uv": [0, 0, 1, 16], "rotation": 90, "texture": "#3"},
				"south": {"uv": [0, 0, 16, 1], "texture": "#3"},
				"west": {"uv": [15, 0, 16, 16], "rotation": 90, "texture": "#3"},
				"up": {"uv": [0, 0, 16, 16], "texture": "#3"},
				"down": {"uv": [0, 0, 16, 16], "texture": "#3"}
			}
		},
		{
			"from": [0, 1, 1],
			"to": [1, 15, 15],
			"faces": {
				"east": {"uv": [1, 1, 15, 15], "texture": "#5"},
				"west": {"uv": [1, 1, 15, 15], "texture": "#5"}
			}
		},
		{
			"from": [15, 1, 1],
			"to": [16, 15, 15],
			"faces": {
				"east": {"uv": [1, 1, 15, 15], "texture": "#5"},
				"west": {"uv": [1, 1, 15, 15], "texture": "#5"}
			}
		},
		{
			"from": [10.5, 9.55, 0.25],
			"to": [13.5, 12.55, 0.25],
			"faces": {
				"north": {"uv": [2, 2, 5, 5], "texture": "#5"}
			}
		},
		{
			"from": [2.75, 5.55, 0.25],
			"to": [4.75, 7.55, 0.25],
			"faces": {
				"north": {"uv": [12, 12, 14, 14], "texture": "#5"}
			}
		}
	]
}