{
	"parent": "nova:block/base",
	"textures": {
		"2": "machines:block/machine_top",
		"3": "block/glass",
		"4": "machines:block/crystallizer",
		"particle": "block/glass"
	},
	"elements": [
		{
			"from": [7.5, 14.75, 1],
			"to": [8.5, 15.75, 3],
			"rotation": {"angle": 45, "axis": "x", "origin": [8, 16, 1]},
			"faces": {
				"east": {"uv": [11, 13, 12, 15], "rotation": 90, "texture": "#4"},
				"south": {"uv": [11, 15, 12, 16], "rotation": 90, "texture": "#4"},
				"west": {"uv": [11, 13, 12, 15], "rotation": 270, "texture": "#4"},
				"up": {"uv": [11, 13, 12, 15], "texture": "#4"},
				"down": {"uv": [11, 13, 12, 15], "rotation": 180, "texture": "#4"}
			}
		},
		{
			"from": [13, 14.75, 7.5],
			"to": [15, 15.75, 8.5],
			"rotation": {"angle": 45, "axis": "z", "origin": [15, 16, 8]},
			"faces": {
				"north": {"uv": [9, 13, 10, 15], "rotation": 270, "texture": "#4"},
				"south": {"uv": [9, 13, 10, 15], "rotation": 90, "texture": "#4"},
				"west": {"uv": [9, 15, 10, 16], "texture": "#4"},
				"up": {"uv": [9, 13, 10, 15], "rotation": 90, "texture": "#4"},
				"down": {"uv": [9, 13, 10, 15], "rotation": 90, "texture": "#4"}
			}
		},
		{
			"from": [7.5, 14.75, 13],
			"to": [8.5, 15.75, 15],
			"rotation": {"angle": -45, "axis": "x", "origin": [8, 16, 15]},
			"faces": {
				"north": {"uv": [15, 15, 16, 16], "texture": "#4"},
				"east": {"uv": [15, 13, 16, 15], "rotation": 270, "texture": "#4"},
				"west": {"uv": [15, 13, 16, 15], "rotation": 90, "texture": "#4"},
				"up": {"uv": [15, 13, 16, 15], "rotation": 180, "texture": "#4"},
				"down": {"uv": [15, 13, 16, 15], "texture": "#4"}
			}
		},
		{
			"from": [1, 14.75, 7.5],
			"to": [3, 15.75, 8.5],
			"rotation": {"angle": -45, "axis": "z", "origin": [1, 16, 8]},
			"faces": {
				"north": {"uv": [13, 13, 14, 15], "rotation": 90, "texture": "#4"},
				"east": {"uv": [13, 15, 14, 16], "texture": "#4"},
				"south": {"uv": [13, 13, 14, 15], "rotation": 90, "texture": "#4"},
				"up": {"uv": [13, 13, 14, 15], "rotation": 270, "texture": "#4"},
				"down": {"uv": [13, 13, 14, 15], "rotation": 270, "texture": "#4"}
			}
		},
		{
			"from": [0, 15, 0],
			"to": [1, 16, 16],
			"faces": {
				"north": {"uv": [0, 0, 1, 1], "texture": "#2"},
				"east": {"uv": [0, 0, 1, 16], "rotation": 90, "texture": "#2"},
				"south": {"uv": [0, 0, 1, 1], "texture": "#2"},
				"west": {"uv": [0, 0, 1, 16], "rotation": 90, "texture": "#2"},
				"up": {"uv": [0, 0, 1, 16], "texture": "#2"},
				"down": {"uv": [0, 0, 1, 16], "texture": "#2"}
			}
		},
		{
			"from": [1, 15, 15],
			"to": [15, 16, 16],
			"faces": {
				"north": {"uv": [1, 0, 15, 1], "texture": "#2"},
				"south": {"uv": [1, 0, 15, 1], "texture": "#2"},
				"up": {"uv": [1, 0, 15, 1], "texture": "#2"},
				"down": {"uv": [1, 0, 15, 1], "texture": "#2"}
			}
		},
		{
			"from": [1, 15, 0],
			"to": [15, 16, 1],
			"faces": {
				"north": {"uv": [1, 15, 15, 16], "texture": "#2"},
				"south": {"uv": [1, 15, 15, 16], "texture": "#2"},
				"up": {"uv": [1, 15, 15, 16], "texture": "#2"},
				"down": {"uv": [1, 15, 15, 16], "texture": "#2"}
			}
		},
		{
			"from": [15, 15, 0],
			"to": [16, 16, 16],
			"faces": {
				"north": {"uv": [0, 0, 1, 1], "texture": "#2"},
				"east": {"uv": [0, 0, 1, 16], "rotation": 90, "texture": "#2"},
				"south": {"uv": [0, 0, 1, 1], "texture": "#2"},
				"west": {"uv": [0, 0, 1, 16], "rotation": 90, "texture": "#2"},
				"up": {"uv": [0, 0, 1, 16], "texture": "#2"},
				"down": {"uv": [0, 0, 1, 16], "texture": "#2"}
			}
		},
		{
			"from": [0, 5, 0],
			"to": [1, 15, 1],
			"faces": {
				"north": {"uv": [0, 1, 1, 11], "texture": "#2"},
				"east": {"uv": [15, 1, 16, 11], "texture": "#2"},
				"south": {"uv": [0, 1, 1, 11], "texture": "#2"},
				"west": {"uv": [15, 1, 16, 11], "rotation": 180, "texture": "#2"}
			}
		},
		{
			"from": [15, 5, 0],
			"to": [16, 15, 1],
			"faces": {
				"north": {"uv": [0, 1, 1, 11], "texture": "#2"},
				"east": {"uv": [15, 1, 16, 11], "texture": "#2"},
				"south": {"uv": [0, 1, 1, 11], "texture": "#2"},
				"west": {"uv": [15, 1, 16, 11], "texture": "#2"}
			}
		},
		{
			"from": [15, 5, 15],
			"to": [16, 15, 16],
			"faces": {
				"north": {"uv": [0, 1, 1, 11], "texture": "#2"},
				"east": {"uv": [0, 1, 1, 11], "rotation": 180, "texture": "#2"},
				"south": {"uv": [0, 1, 1, 11], "texture": "#2"},
				"west": {"uv": [15, 1, 16, 11], "texture": "#2"}
			}
		},
		{
			"from": [0, 5, 15],
			"to": [1, 15, 16],
			"faces": {
				"north": {"uv": [0, 1, 1, 11], "texture": "#2"},
				"east": {"uv": [15, 1, 16, 11], "texture": "#2"},
				"south": {"uv": [0, 1, 1, 11], "texture": "#2"},
				"west": {"uv": [15, 1, 16, 11], "texture": "#2"}
			}
		},
		{
			"from": [1, 15, 1],
			"to": [15, 16, 15],
			"rotation": {"angle": 0, "axis": "y", "origin": [8, 8, 8]},
			"faces": {
				"up": {"uv": [1, 1, 15, 15], "rotation": 180, "texture": "#3"}
			}
		},
		{
			"from": [0, 0, 0],
			"to": [16, 5, 16],
			"faces": {
				"north": {"uv": [0, 0, 16, 5], "texture": "#4"},
				"east": {"uv": [0, 0, 16, 5], "texture": "#4"},
				"south": {"uv": [0, 0, 16, 5], "texture": "#4"},
				"west": {"uv": [0, 0, 16, 5], "texture": "#4"},
				"up": {"uv": [0, 0, 16, 16], "texture": "#2"},
				"down": {"uv": [0, 0, 16, 16], "texture": "#2"}
			}
		},
		{
			"from": [1, 5, 0],
			"to": [15, 15, 1],
			"rotation": {"angle": 0, "axis": "y", "origin": [8, 8, 8]},
			"faces": {
				"north": {"uv": [1, 1, 15, 11], "texture": "#3"}
			}
		},
		{
			"from": [15, 5, 1],
			"to": [16, 15, 15],
			"rotation": {"angle": 0, "axis": "y", "origin": [8, 8, 8]},
			"faces": {
				"east": {"uv": [1, 1, 15, 11], "texture": "#3"}
			}
		},
		{
			"from": [1, 5, 15],
			"to": [15, 15, 16],
			"rotation": {"angle": 0, "axis": "y", "origin": [8, 8, 8]},
			"faces": {
				"south": {"uv": [1, 1, 15, 11], "texture": "#3"}
			}
		},
		{
			"from": [0, 5, 1],
			"to": [1, 15, 15],
			"rotation": {"angle": 0, "axis": "y", "origin": [8, 8, 8]},
			"faces": {
				"west": {"uv": [1, 1, 15, 11], "texture": "#3"}
			}
		}
	]
}