{
	"parent": "nova:block/base",
	"textures": {
		"0": "machines:block/pump"
	},
	"elements": [
		{
			"from": [6, 0, 6],
			"to": [10, 3, 10],
			"faces": {
				"north": {"uv": [3, 14.5, 5, 16], "texture": "#0"},
				"east": {"uv": [3, 14.5, 5, 16], "texture": "#0"},
				"south": {"uv": [3, 14.5, 5, 16], "texture": "#0"},
				"west": {"uv": [3, 14.5, 5, 16], "texture": "#0"},
				"down": {"uv": [0, 14, 2, 16], "texture": "#0"}
			}
		},
		{
			"from": [5, 3, 5],
			"to": [11, 13, 11],
			"faces": {
				"north": {"uv": [2.5, 9.5, 5.5, 14.5], "texture": "#0"},
				"east": {"uv": [2.5, 9.5, 5.5, 14.5], "texture": "#0"},
				"south": {"uv": [2.5, 9.5, 5.5, 14.5], "texture": "#0"},
				"west": {"uv": [2.5, 9.5, 5.5, 14.5], "texture": "#0"},
				"up": {"uv": [0, 0, 5, 5], "texture": "#0"},
				"down": {"uv": [5.5, 13.5, 8, 16], "texture": "#0"}
			}
		},
		{
			"from": [2, 13, 2],
			"to": [14, 16, 14],
			"faces": {
				"north": {"uv": [1, 8, 7, 9.5], "texture": "#0"},
				"east": {"uv": [1, 8, 7, 9.5], "texture": "#0"},
				"south": {"uv": [1, 8, 7, 9.5], "texture": "#0"},
				"west": {"uv": [1, 8, 7, 9.5], "texture": "#0"},
				"up": {"uv": [1, 2, 7, 8], "texture": "#0"},
				"down": {"uv": [1, 2, 7, 8], "texture": "#0"}
			}
		}
	]
}