{
	"parent": "nova:block/base",
	"textures": {
		"2": "machines:block/machine_side",
		"3": "block/glass",
		"4": "block/dirt",
		"5": "block/terracotta",
		"6": "block/anvil",
		"8": "machines:block/tree_factory_canister",
		"9": "machines:block/tree_factory_back",
		"10": "machines:block/tree_factory_foliage"
	},
	"elements": [
		{
			"from": [1, 1, 0],
			"to": [15, 15, 1],
			"rotation": {"angle": 0, "axis": "y", "origin": [8, 8, 8]},
			"faces": {
				"north": {"uv": [1, 1, 15, 15], "texture": "#3"}
			}
		},
		{
			"from": [0, 1, 1],
			"to": [1, 15, 15],
			"rotation": {"angle": 0, "axis": "y", "origin": [8, 8, 8]},
			"faces": {
				"west": {"uv": [1, 1, 15, 15], "texture": "#3"}
			}
		},
		{
			"from": [15, 1, 1],
			"to": [16, 15, 15],
			"rotation": {"angle": 0, "axis": "y", "origin": [8, 8, 8]},
			"faces": {
				"east": {"uv": [1, 1, 15, 15], "texture": "#3"}
			}
		},
		{
			"from": [1, 15, 1],
			"to": [15, 16, 15],
			"rotation": {"angle": 0, "axis": "y", "origin": [8, 8, 8]},
			"faces": {
				"up": {"uv": [1, 1, 15, 15], "rotation": 180, "texture": "#3"}
			}
		},
		{
			"from": [1, 15, 0],
			"to": [15, 16, 1],
			"faces": {
				"north": {"uv": [1, 15, 15, 16], "texture": "#2"},
				"south": {"uv": [1, 15, 15, 16], "texture": "#2"},
				"up": {"uv": [1, 0, 15, 1], "texture": "#9"},
				"down": {"uv": [1, 15, 15, 16], "texture": "#2"}
			}
		},
		{
			"from": [1, 0, 0],
			"to": [15, 1, 1],
			"faces": {
				"north": {"uv": [1, 15, 15, 16], "texture": "#2"},
				"south": {"uv": [1, 15, 15, 16], "texture": "#2"},
				"up": {"uv": [1, 15, 15, 16], "texture": "#2"},
				"down": {"uv": [1, 15, 15, 16], "texture": "#2"}
			}
		},
		{
			"from": [0, 15, 1],
			"to": [1, 16, 15],
			"faces": {
				"east": {"uv": [15, 1, 16, 15], "rotation": 90, "texture": "#2"},
				"west": {"uv": [15, 1, 16, 15], "rotation": 90, "texture": "#2"},
				"up": {"uv": [1, 0, 15, 1], "rotation": 90, "texture": "#9"},
				"down": {"uv": [15, 1, 16, 15], "texture": "#2"}
			}
		},
		{
			"from": [15, 15, 1],
			"to": [16, 16, 15],
			"faces": {
				"east": {"uv": [0, 1, 1, 15], "rotation": 90, "texture": "#2"},
				"west": {"uv": [0, 1, 1, 15], "rotation": 90, "texture": "#2"},
				"up": {"uv": [1, 0, 15, 1], "rotation": 90, "texture": "#9"},
				"down": {"uv": [0, 1, 1, 15], "texture": "#2"}
			}
		},
		{
			"from": [0, 0, 1],
			"to": [1, 1, 15],
			"faces": {
				"east": {"uv": [15, 1, 16, 15], "rotation": 90, "texture": "#2"},
				"west": {"uv": [15, 1, 16, 15], "rotation": 90, "texture": "#2"},
				"up": {"uv": [15, 1, 16, 15], "texture": "#2"},
				"down": {"uv": [15, 1, 16, 15], "texture": "#2"}
			}
		},
		{
			"from": [15, 0, 1],
			"to": [16, 1, 15],
			"faces": {
				"east": {"uv": [0, 1, 1, 15], "rotation": 90, "texture": "#2"},
				"west": {"uv": [0, 1, 1, 15], "rotation": 90, "texture": "#2"},
				"up": {"uv": [0, 1, 1, 15], "texture": "#2"},
				"down": {"uv": [0, 1, 1, 15], "texture": "#2"}
			}
		},
		{
			"from": [15, 0, 0],
			"to": [16, 16, 1],
			"faces": {
				"north": {"uv": [0, 0, 1, 16], "texture": "#2"},
				"east": {"uv": [0, 0, 1, 16], "texture": "#2"},
				"south": {"uv": [0, 0, 1, 16], "texture": "#2"},
				"west": {"uv": [0, 0, 1, 16], "texture": "#2"},
				"up": {"uv": [0, 15, 1, 16], "texture": "#2"},
				"down": {"uv": [0, 15, 1, 16], "texture": "#2"}
			}
		},
		{
			"from": [0, 0, 0],
			"to": [1, 16, 1],
			"faces": {
				"north": {"uv": [15, 0, 16, 16], "texture": "#2"},
				"east": {"uv": [15, 0, 16, 16], "texture": "#2"},
				"south": {"uv": [15, 0, 16, 16], "texture": "#2"},
				"west": {"uv": [15, 0, 16, 16], "texture": "#2"},
				"up": {"uv": [15, 15, 16, 16], "texture": "#2"},
				"down": {"uv": [15, 15, 16, 16], "texture": "#2"}
			}
		},
		{
			"from": [1, 0, 1],
			"to": [15, 1, 15],
			"faces": {
				"up": {"uv": [1, 1, 15, 15], "texture": "#2"},
				"down": {"uv": [1, 1, 15, 15], "texture": "#2"}
			}
		},
		{
			"from": [0, 0, 15],
			"to": [16, 16, 16],
			"faces": {
				"north": {"uv": [0, 0, 16, 16], "texture": "#2"},
				"east": {"uv": [0, 0, 1, 16], "texture": "#2"},
				"south": {"uv": [0, 0, 16, 16], "texture": "#9"},
				"west": {"uv": [15, 0, 16, 16], "texture": "#2"},
				"up": {"uv": [0, 0, 16, 1], "texture": "#9"},
				"down": {"uv": [0, 0, 16, 1], "texture": "#9"}
			}
		},
		{
			"from": [2, 1, 2],
			"to": [14, 2, 3],
			"faces": {
				"north": {"uv": [3, 0, 15, 1], "texture": "#5"},
				"east": {"uv": [0, 0, 1, 1], "texture": "#5"},
				"south": {"uv": [0, 0, 12, 1], "texture": "#5"},
				"west": {"uv": [0, 0, 1, 1], "texture": "#5"},
				"up": {"uv": [0, 0, 12, 1], "texture": "#5"}
			}
		},
		{
			"from": [2, 1, 13],
			"to": [14, 2, 14],
			"faces": {
				"north": {"uv": [0, 0, 12, 1], "texture": "#5"},
				"east": {"uv": [0, 0, 1, 1], "texture": "#5"},
				"south": {"uv": [0, 0, 12, 1], "texture": "#5"},
				"west": {"uv": [0, 0, 1, 1], "texture": "#5"},
				"up": {"uv": [0, 0, 12, 1], "texture": "#5"}
			}
		},
		{
			"from": [13, 1, 3],
			"to": [14, 2, 13],
			"faces": {
				"east": {"uv": [0, 0, 10, 1], "texture": "#5"},
				"west": {"uv": [0, 0, 10, 1], "texture": "#5"},
				"up": {"uv": [0, 0, 1, 10], "texture": "#5"}
			}
		},
		{
			"from": [2, 1, 3],
			"to": [3, 2, 13],
			"faces": {
				"east": {"uv": [0, 0, 10, 1], "texture": "#5"},
				"west": {"uv": [0, 0, 10, 1], "texture": "#5"},
				"up": {"uv": [0, 0, 1, 10], "texture": "#5"}
			}
		},
		{
			"from": [3, 1.1, 3],
			"to": [13, 1.1, 13],
			"faces": {
				"up": {"uv": [3, 3, 13, 13], "texture": "#4"}
			}
		},
		{
			"from": [2, 12, 12],
			"to": [14, 15, 15],
			"faces": {
				"north": {"uv": [1, 3, 15, 7], "texture": "#8"},
				"east": {"uv": [0, 12, 4, 16], "texture": "#8"},
				"south": {"uv": [1, 3, 15, 7], "texture": "#8"},
				"west": {"uv": [12, 12, 16, 16], "texture": "#8"},
				"up": {"uv": [1, 0, 15, 4], "texture": "#8"},
				"down": {"uv": [1, 8, 15, 12], "texture": "#8"}
			}
		},
		{
			"from": [3, 11, 12],
			"to": [6, 12, 15],
			"faces": {
				"north": {"uv": [0, 0, 3, 1], "texture": "#6"},
				"east": {"uv": [12, 1, 15, 2], "texture": "#6"},
				"west": {"uv": [12, 1, 15, 2], "texture": "#6"},
				"up": {"uv": [13, 0, 16, 3], "texture": "#2"},
				"down": {"uv": [1, 1, 4, 4], "texture": "#6"}
			}
		},
		{
			"from": [10, 11, 12],
			"to": [13, 12, 15],
			"faces": {
				"north": {"uv": [0, 0, 3, 1], "texture": "#6"},
				"east": {"uv": [12, 1, 15, 2], "texture": "#6"},
				"west": {"uv": [12, 1, 15, 2], "texture": "#6"},
				"up": {"uv": [13, 0, 16, 3], "texture": "#2"},
				"down": {"uv": [1, 1, 4, 4], "texture": "#6"}
			}
		},
		{
			"from": [16.25, 0, 0],
			"to": [16.25, 16, 16],
			"rotation": {"angle": 0, "axis": "y", "origin": [8, 8, 8]},
			"faces": {
				"east": {"uv": [0, 0, 16, 16], "texture": "#10"},
				"west": {"uv": [16, 0, 0, 16], "texture": "#10"}
			}
		},
		{
			"from": [0, 0, 16.25],
			"to": [16, 16, 16.25],
			"rotation": {"angle": 0, "axis": "y", "origin": [8, 8, 8]},
			"faces": {
				"south": {"uv": [0, 0, 16, 16], "texture": "#10"}
			}
		},
		{
			"from": [-0.25, 0, 0],
			"to": [-0.25, 16, 16],
			"rotation": {"angle": 0, "axis": "y", "origin": [8, 8, 8]},
			"faces": {
				"east": {"uv": [16, 0, 0, 16], "texture": "#10"},
				"west": {"uv": [0, 0, 16, 16], "texture": "#10"}
			}
		}
	]
}