{
	"parent": "nova:block/base",
	"textures": {
		"1": "machines:block/quarry_scaffolding"
	},
	"elements": [
		{
			"from": [1, 7, 7],
			"to": [7, 9, 9],
			"faces": {
				"north": {"uv": [2, 0, 6, 1], "texture": "#1"},
				"south": {"uv": [2, 0, 6, 1], "texture": "#1"},
				"up": {"uv": [2, 0, 6, 1], "texture": "#1"},
				"down": {"uv": [2, 0, 6, 1], "texture": "#1"}
			}
		},
		{
			"from": [7, 7, 0],
			"to": [9, 9, 9],
			"faces": {
				"east": {"uv": [2, 0, 6, 1], "texture": "#1"},
				"south": {"uv": [4, 0, 5, 1], "rotation": 90, "texture": "#1"},
				"west": {"uv": [2, 0, 6, 1], "texture": "#1"},
				"up": {"uv": [2, 0, 6, 1], "rotation": 90, "texture": "#1"},
				"down": {"uv": [2, 0, 6, 1], "rotation": 90, "texture": "#1"}
			}
		},
		{
			"from": [7, 9, 7],
			"to": [9, 16, 9],
			"faces": {
				"north": {"uv": [2, 0, 6, 1], "rotation": 90, "texture": "#1"},
				"east": {"uv": [2, 0, 6, 1], "rotation": 90, "texture": "#1"},
				"south": {"uv": [2, 0, 6, 1], "rotation": 90, "texture": "#1"},
				"west": {"uv": [2, 0, 6, 1], "rotation": 90, "texture": "#1"}
			}
		},
		{
			"from": [0, 4, 4],
			"to": [4, 12, 12],
			"faces": {
				"north": {"uv": [12, 0, 16, 8], "texture": "#1"},
				"south": {"uv": [12, 0, 16, 8], "texture": "#1"},
				"up": {"uv": [12, 0, 16, 8], "texture": "#1"},
				"down": {"uv": [12, 0, 16, 8], "texture": "#1"}
			}
		},
		{
			"name": "middle",
			"from": [4, 4, 4],
			"to": [12, 12, 12],
			"faces": {
				"east": {"uv": [4, 0, 12, 8], "texture": "#1"},
				"south": {"uv": [4, 0, 12, 8], "texture": "#1"},
				"down": {"uv": [0, 8, 8, 16], "texture": "#1"}
			}
		},
		{
			"from": [4, 4, 0],
			"to": [12, 12, 4],
			"faces": {
				"east": {"uv": [0, 0, 4, 8], "texture": "#1"},
				"west": {"uv": [0, 0, 4, 8], "texture": "#1"},
				"up": {"uv": [0, 0, 4, 8], "rotation": 90, "texture": "#1"},
				"down": {"uv": [0, 0, 4, 8], "rotation": 90, "texture": "#1"}
			}
		},
		{
			"from": [4, 12, 4],
			"to": [12, 16, 12],
			"faces": {
				"north": {"uv": [12, 0, 16, 8], "rotation": 90, "texture": "#1"},
				"east": {"uv": [12, 0, 16, 8], "rotation": 90, "texture": "#1"},
				"south": {"uv": [12, 0, 16, 8], "rotation": 90, "texture": "#1"},
				"west": {"uv": [12, 0, 16, 8], "rotation": 90, "texture": "#1"}
			}
		}
	]
}