{"parent":"nova:block/base","textures":{"0":"block/lava_still"},"elements":[{"from":[1.0,1.0,1.0],"to":[7.75,14.719999999999999,15.0],"faces":{"north":{"uv":[8.25,1.2800000000000011,15.0,15.0],"texture":"#0"},"east":{"uv":[1.0,1.2800000000000011,15.0,15.0],"texture":"#0"},"south":{"uv":[1.0,1.2800000000000011,7.75,15.0],"texture":"#0"},"west":{"uv":[1.0,1.2800000000000011,15.0,15.0],"texture":"#0"},"up":{"uv":[1.0,1.0,7.75,15.0],"texture":"#0"},"down":{"uv":[8.25,1.0,15.0,15.0],"texture":"#0"}}}]}