{
	"credit": "Made with Blockbench",
	"texture_size": [32, 32],
	"textures": {
		"0": "./slime",
		"particle": "./slime"
	},
	"elements": [
		{
			"from": [5.5, 9, 5.5],
			"to": [10.5, 9.5, 10.5],
			"rotation": {"angle": 22.5, "axis": "x", "origin": [8.48586, 9.3039, 8]},
			"faces": {
				"north": {"uv": [8, 9.5, 10.5, 10], "texture": "#0"},
				"east": {"uv": [9.5, 8, 12, 8.5], "texture": "#0"},
				"south": {"uv": [9.5, 8.5, 12, 9], "texture": "#0"},
				"west": {"uv": [9.5, 9, 12, 9.5], "texture": "#0"},
				"up": {"uv": [2.5, 2.5, 0, 0], "texture": "#0"},
				"down": {"uv": [2.5, 2.5, 0, 5], "texture": "#0"}
			}
		},
		{
			"from": [6, 9.5, 6],
			"to": [10, 13.5, 10],
			"rotation": {"angle": 22.5, "axis": "x", "origin": [8.48586, 9.3039, 8]},
			"faces": {
				"north": {"uv": [2.5, 0, 4.5, 2], "texture": "#0"},
				"east": {"uv": [2.5, 2, 4.5, 4], "texture": "#0"},
				"south": {"uv": [2.5, 4, 4.5, 6], "texture": "#0"},
				"west": {"uv": [4.5, 0, 6.5, 2], "texture": "#0"},
				"up": {"uv": [6.5, 4, 4.5, 2], "texture": "#0"},
				"down": {"uv": [6.5, 4, 4.5, 6], "texture": "#0"}
			}
		},
		{
			"from": [6.5, 6.5, 6.5],
			"to": [9.5, 9.5, 9.5],
			"rotation": {"angle": 0, "axis": "y", "origin": [8, 8, 8]},
			"faces": {
				"north": {"uv": [8, 8, 9.5, 9.5], "texture": "#0"},
				"east": {"uv": [8.5, 0, 10, 1.5], "texture": "#0"},
				"south": {"uv": [8.5, 1.5, 10, 3], "texture": "#0"},
				"west": {"uv": [8.5, 3, 10, 4.5], "texture": "#0"},
				"up": {"uv": [10, 6, 8.5, 4.5], "texture": "#0"},
				"down": {"uv": [1.5, 9, 0, 10.5], "texture": "#0"}
			}
		},
		{
			"from": [6.1, 6.1, 6.1],
			"to": [9.9, 9.9, 9.9],
			"rotation": {"angle": 0, "axis": "y", "origin": [8, 8, 8]},
			"faces": {
				"north": {"uv": [0, 5, 2, 7], "texture": "#0"},
				"east": {"uv": [2, 6, 4, 8], "texture": "#0"},
				"south": {"uv": [4, 6, 6, 8], "texture": "#0"},
				"west": {"uv": [6, 6, 8, 8], "texture": "#0"},
				"up": {"uv": [8.5, 2, 6.5, 0], "texture": "#0"},
				"down": {"uv": [8.5, 2, 6.5, 4], "texture": "#0"}
			}
		},
		{
			"name": "cube inverted",
			"from": [9.9, 9.9, 9.9],
			"to": [6.1, 6.1, 6.1],
			"rotation": {"angle": 0, "axis": "y", "origin": [8, 8, 8]},
			"faces": {
				"north": {"uv": [6.5, 4, 8.5, 6], "texture": "#0"},
				"east": {"uv": [0, 7, 2, 9], "texture": "#0"},
				"south": {"uv": [2, 8, 4, 10], "texture": "#0"},
				"west": {"uv": [4, 8, 6, 10], "texture": "#0"},
				"up": {"uv": [8, 10, 6, 8], "texture": "#0"},
				"down": {"uv": [10, 6, 8, 8], "texture": "#0"}
			}
		}
	],
	"display": {
		"thirdperson_righthand": {
			"translation": [0, 1, 1],
			"scale": [0.55, 0.55, 0.55]
		},
		"thirdperson_lefthand": {
			"translation": [0, 1, 1],
			"scale": [0.55, 0.55, 0.55]
		},
		"firstperson_righthand": {
			"rotation": [0, -90, 25],
			"translation": [1.13, 1.7, 1.13],
			"scale": [0.68, 0.68, 0.68]
		},
		"firstperson_lefthand": {
			"rotation": [0, -90, 25],
			"translation": [1.13, 1.7, 1.13],
			"scale": [0.68, 0.68, 0.68]
		},
		"gui": {
			"rotation": [30, 225, 0],
			"scale": [1.5, 1.5, 1.5]
		},
		"head": {
			"translation": [0, 9.25, 0],
			"scale": [1.5, 1.5, 1.5]
		},
		"fixed": {
			"translation": [0, 0, -2.75],
			"scale": [2, 2, 2]
		}
	},
	"groups": [
		{
			"name": "slime",
			"origin": [8, 8, 8],
			"color": 0,
			"children": [
				{
					"name": "group",
					"origin": [8, 8, 8],
					"color": 0,
					"children": [0, 1]
				},
				{
					"name": "group",
					"origin": [8, 8, 8],
					"color": 0,
					"children": [2, 3, 4]
				}
			]
		}
	]
}