{
	"credit": "Made with Blockbench",
	"texture_size": [64, 64],
	"textures": {
		"0": "./slime",
		"particle": "./slime"
	},
	"elements": [
		{
			"name": "bottom",
			"from": [2.25, 12.5, 2.25],
			"to": [13.75, 13.25, 13.75],
			"faces": {
				"north": {"uv": [4.5, 11.25, 7.5, 11.5], "texture": "#0"},
				"east": {"uv": [11.25, 6.75, 14.25, 7], "texture": "#0"},
				"south": {"uv": [11.25, 7.25, 14.25, 7.5], "texture": "#0"},
				"west": {"uv": [7.75, 11.25, 10.75, 11.5], "texture": "#0"},
				"up": {"uv": [3, 3, 0, 0], "texture": "#0"},
				"down": {"uv": [3, 3.25, 0, 6.25], "texture": "#0"}
			}
		},
		{
			"from": [4, 13.25, 4],
			"to": [12, 21.25, 12],
			"faces": {
				"north": {"uv": [3.25, 0, 5.25, 2], "texture": "#0"},
				"east": {"uv": [3.25, 2.25, 5.25, 4.25], "texture": "#0"},
				"south": {"uv": [3.25, 4.5, 5.25, 6.5], "texture": "#0"},
				"west": {"uv": [5.5, 0, 7.5, 2], "texture": "#0"},
				"up": {"uv": [7.5, 4.25, 5.5, 2.25], "texture": "#0"},
				"down": {"uv": [7.5, 4.5, 5.5, 6.5], "texture": "#0"}
			}
		},
		{
			"name": "inner",
			"from": [4, 4, 4],
			"to": [12, 12, 12],
			"faces": {
				"north": {"uv": [0, 6.5, 2, 8.5], "texture": "#0"},
				"east": {"uv": [2.25, 6.75, 4.25, 8.75], "texture": "#0"},
				"south": {"uv": [4.5, 6.75, 6.5, 8.75], "texture": "#0"},
				"west": {"uv": [6.75, 6.75, 8.75, 8.75], "texture": "#0"},
				"up": {"uv": [9.75, 2, 7.75, 0], "texture": "#0"},
				"down": {"uv": [9.75, 2.25, 7.75, 4.25], "texture": "#0"}
			}
		},
		{
			"name": "outer",
			"from": [3.5, 3.5, 3.5],
			"to": [12.5, 12.5, 12.5],
			"faces": {
				"north": {"uv": [7.75, 4.5, 9.75, 6.5], "texture": "#0"},
				"east": {"uv": [0, 8.75, 2, 10.75], "texture": "#0"},
				"south": {"uv": [2.25, 9, 4.25, 11], "texture": "#0"},
				"west": {"uv": [4.5, 9, 6.5, 11], "texture": "#0"},
				"up": {"uv": [8.75, 11, 6.75, 9], "texture": "#0"},
				"down": {"uv": [11, 6.75, 9, 8.75], "texture": "#0"}
			}
		},
		{
			"name": "outer inverted",
			"from": [12.5, 12.5, 12.5],
			"to": [3.5, 3.5, 3.5],
			"faces": {
				"north": {"uv": [9, 9, 11, 11], "texture": "#0"},
				"east": {"uv": [10, 0, 12, 2], "texture": "#0"},
				"south": {"uv": [10, 2.25, 12, 4.25], "texture": "#0"},
				"west": {"uv": [10, 4.5, 12, 6.5], "texture": "#0"},
				"up": {"uv": [2, 13, 0, 11], "texture": "#0"},
				"down": {"uv": [4.25, 11.25, 2.25, 13.25], "texture": "#0"}
			}
		}
	],
	"display": {
		"thirdperson_righthand": {
			"rotation": [75, 45, 0],
			"translation": [0, 2.5, 0],
			"scale": [0.375, 0.375, 0.375]
		},
		"thirdperson_lefthand": {
			"rotation": [75, 45, 0],
			"translation": [0, 2.5, 0],
			"scale": [0.375, 0.375, 0.375]
		},
		"firstperson_righthand": {
			"rotation": [0, 45, 0],
			"scale": [0.4, 0.4, 0.4]
		},
		"firstperson_lefthand": {
			"rotation": [0, 225, 0],
			"scale": [0.4, 0.4, 0.4]
		},
		"ground": {
			"translation": [0, 2, 0],
			"scale": [0.5, 0.5, 0.5]
		},
		"gui": {
			"rotation": [30, 225, 0],
			"translation": [0, -2, 0],
			"scale": [0.625, 0.625, 0.625]
		},
		"head": {
			"scale": [1.75, 1.75, 1.75]
		},
		"fixed": {
			"rotation": [0, 180, 0],
			"translation": [0, -3.25, -3.5]
		}
	},
	"groups": [
		{
			"name": "gentelman_hat",
			"origin": [8, 8, 8],
			"color": 0,
			"children": [
				{
					"name": "hat",
					"origin": [8, 8, 8],
					"color": 0,
					"children": [0, 1]
				},
				{
					"name": "slime",
					"origin": [8, 8, 8],
					"color": 0,
					"children": [2, 3, 4]
				}
			]
		}
	]
}