{
	"credit": "Made with Blockbench",
	"texture_size": [64, 64],
	"textures": {
		"2": "./slime",
		"particle": "./slime"
	},
	"elements": [
		{
			"name": "mouth",
			"from": [6.5, 5.25, 3.5],
			"to": [7.5, 6.25, 4.5],
			"faces": {
				"north": {"uv": [8.25, 2.25, 8.5, 2.5], "texture": "#2"},
				"east": {"uv": [8, 2.25, 8.25, 2.5], "texture": "#2"},
				"south": {"uv": [8.75, 2.25, 9, 2.5], "texture": "#2"},
				"west": {"uv": [8.5, 2.25, 8.75, 2.5], "texture": "#2"},
				"up": {"uv": [8.25, 2, 8.5, 2.25], "texture": "#2"},
				"down": {"uv": [8.5, 2, 8.75, 2.25], "texture": "#2"}
			}
		},
		{
			"name": "eye",
			"from": [9.75, 7, 3.25],
			"to": [12.75, 10, 6.25],
			"faces": {
				"north": {"uv": [9, 1.5, 8.5, 2], "texture": "#2"},
				"east": {"uv": [8, 1.5, 8.5, 2], "texture": "#2"},
				"south": {"uv": [9.5, 1.5, 10, 2], "texture": "#2"},
				"west": {"uv": [9, 1.5, 9.5, 2], "texture": "#2"},
				"up": {"uv": [8.5, 1, 9, 1.5], "texture": "#2"},
				"down": {"uv": [9, 1, 9.5, 1.5], "texture": "#2"}
			}
		},
		{
			"name": "eye",
			"from": [3.25, 7, 3.25],
			"to": [6.25, 10, 6.25],
			"faces": {
				"north": {"uv": [9, 0.5, 8.5, 1], "texture": "#2"},
				"east": {"uv": [8, 0.5, 8.5, 1], "texture": "#2"},
				"south": {"uv": [9.5, 0.5, 10, 1], "texture": "#2"},
				"west": {"uv": [9, 0.5, 9.5, 1], "texture": "#2"},
				"up": {"uv": [8.5, 0, 9, 0.5], "texture": "#2"},
				"down": {"uv": [9, 0, 9.5, 0.5], "texture": "#2"}
			}
		},
		{
			"name": "inner",
			"from": [4, 4, 4],
			"to": [12, 12, 12],
			"faces": {
				"north": {"uv": [1.5, 5.5, 3, 7], "texture": "#2"},
				"east": {"uv": [0, 5.5, 1.5, 7], "texture": "#2"},
				"south": {"uv": [4.5, 5.5, 6, 7], "texture": "#2"},
				"west": {"uv": [3, 5.5, 4.5, 7], "texture": "#2"},
				"up": {"uv": [1.5, 4, 3, 5.5], "texture": "#2"},
				"down": {"uv": [3, 4, 4.5, 5.5], "texture": "#2"}
			}
		},
		{
			"name": "outer",
			"from": [3, 3, 3],
			"to": [13, 13, 13],
			"faces": {
				"north": {"uv": [2, 2, 4, 4], "texture": "#2"},
				"east": {"uv": [0, 2, 2, 4], "texture": "#2"},
				"south": {"uv": [6, 2, 8, 4], "texture": "#2"},
				"west": {"uv": [4, 2, 6, 4], "texture": "#2"},
				"up": {"uv": [4, 2, 2, 0], "texture": "#2"},
				"down": {"uv": [6, 0, 4, 2], "texture": "#2"}
			}
		}
	],
	"display": {
		"thirdperson_righthand": {
			"rotation": [75, 45, 0],
			"translation": [0, 2.5, 0],
			"scale": [0.375, 0.375, 0.375]
		},
		"thirdperson_lefthand": {
			"rotation": [75, 45, 0],
			"translation": [0, 2.5, 0],
			"scale": [0.375, 0.375, 0.375]
		},
		"firstperson_righthand": {
			"rotation": [0, 45, 0],
			"scale": [0.4, 0.4, 0.4]
		},
		"firstperson_lefthand": {
			"rotation": [0, 225, 0],
			"scale": [0.4, 0.4, 0.4]
		},
		"ground": {
			"translation": [0, 3, 0],
			"scale": [0.8, 0.8, 0.8]
		},
		"gui": {
			"rotation": [30, 225, 0],
			"translation": [0, -2, 0],
			"scale": [0.7, 0.7, 0.7]
		},
		"head": {
			"translation": [0, 10.25, 0],
			"scale": [0.8, 0.8, 0.8]
		},
		"fixed": {
			"translation": [0, -3.5, -3.5]
		}
	},
	"groups": [
		{
			"name": "body",
			"origin": [0, 0, 0],
			"color": 0,
			"children": [
				{
					"name": "inner",
					"origin": [0, 0, 0],
					"color": 0,
					"children": [0, 1, 2, 3]
				},
				{
					"name": "outer",
					"origin": [0, 0, 0],
					"color": 0,
					"children": [4]
				}
			]
		}
	]
}